CASE_ID,ACCIDENT_YEAR,PROC_DATE,JURIS,COLLISION_DATE,COLLISION_TIME,OFFICER_ID,REPORTING_DISTRICT,DAY_OF_WEEK,CHP_SHIFT,POPULATION,CNTY_CITY_LOC,SPECIAL_COND,BEAT_TYPE,CHP_BEAT_TYPE,CITY_DIVISION_LAPD,CHP_BEAT_CLASS,BEAT_NUMBER,PRIMARY_RD,SECONDARY_RD,DISTANCE,DIRECTION,INTERSECTION,WEATHER_1,WEATHER_2,STATE_HWY_IND,CALTRANS_COUNTY,CALTRANS_DISTRICT,STATE_ROUTE,ROUTE_SUFFIX,POSTMILE_PREFIX,POSTMILE,LOCATION_TYPE,RAMP_INTERSECTION,SIDE_OF_HWY,TOW_AWAY,COLLISION_SEVERITY,NUMBER_KILLED,NUMBER_INJURED,PARTY_COUNT,PRIMARY_COLL_FACTOR,PCF_CODE_OF_VIOL,PCF_VIOL_CATEGORY,PCF_VIOLATION,PCF_VIOL_SUBSECTION,HIT_AND_RUN,TYPE_OF_COLLISION,MVIW,PED_ACTION,ROAD_SURFACE,ROAD_COND_1,ROAD_COND_2,LIGHTING,CONTROL_DEVICE,CHP_ROAD_TYPE,PEDESTRIAN_ACCIDENT,BICYCLE_ACCIDENT,MOTORCYCLE_ACCIDENT,TRUCK_ACCIDENT,NOT_PRIVATE_PROPERTY,ALCOHOL_INVOLVED,STWD_VEHTYPE_AT_FAULT,CHP_VEHTYPE_AT_FAULT,COUNT_SEVERE_INJ,COUNT_VISIBLE_INJ,COUNT_COMPLAINT_PAIN,COUNT_PED_KILLED,COUNT_PED_INJURED,COUNT_BICYCLIST_KILLED,COUNT_BICYCLIST_INJURED,COUNT_MC_KILLED,COUNT_MC_INJURED,PRIMARY_RAMP,SECONDARY_RAMP,LATITUDE,LONGITUDE,COUNTY,CITY,POINT_X,POINT_Y
8447035,2017,2017-09-19,0103,2017-05-11,2131,159,,4,5,6,0103,0,0,0,,0,006,"DWIGHT WY","ELLSWORTH ST",0.00,,Y,A,-,N,,,,,,,,,,N,4,0,1,2,A,-,10,21950,A,N,G,B,B,A,H,-,C,A,0,Y,,,,Y,,A,01,0,0,1,0,1,0,0,0,0,"- ","- ",37.864539999999998,-122.26299,ALAMEDA,BERKELEY,-122.26297997,37.864539919999999
8451858,2017,2017-09-20,0103,2017-05-07,0205,66,,7,5,6,0103,0,0,0,,0,004,UNIVERSITY,MILVIA,0.00,,Y,A,-,N,,,,,,,,,,,2,0,1,2,A,-,11,21954,A,N,G,B,D,A,H,-,C,A,0,Y,,,,Y,Y,A,01,1,0,0,0,1,0,0,0,0,"- ","- ",37.871850000000002,-122.27067,ALAMEDA,BERKELEY,-122.27075997,37.871899900000003
8452276,2017,2018-04-18,0103,2017-05-06,0950,33,,6,5,6,0103,0,0,0,,0,012,ADDISON,"SAN PABLO",0.00,,Y,A,-,Y,ALA,4,123,-,-,3.080,I,5,S,N,4,0,1,2,A,-,10,21950,A,F,G,B,B,A,H,-,A,A,0,Y,,,,Y,,A,01,0,0,1,0,1,0,0,0,0,"- ","- ",37.86815,-122.29181,ALAMEDA,BERKELEY,-122.29193414,37.868140740000001
8452292,2017,2018-04-18,0103,2017-05-15,1841,80,,1,5,6,0103,0,0,0,,0,008,"ASHBY AV","HILLEGASS AV",0.00,,Y,A,-,Y,ALA,4,13,-,-,11.370,I,5,S,N,3,0,1,2,A,-,09,21802,A,N,D,G,A,A,H,-,A,A,0,,Y,,,Y,,L,04,0,1,0,0,0,0,1,0,0,"- ","- ",37.856729999999999,-122.25548999999999,ALAMEDA,BERKELEY,-122.25545056999999,37.856712690000002
8469387,2017,2018-06-22,0103,2017-09-15,0645,33,,5,5,6,0103,0,0,0,,0,011,"SAN PABLO","SAN PABLO 3000",0.00,,N,A,-,Y,ALA,4,123,-,-,1.900,H,-,N,N,3,0,1,2,A,-,00,21760,B,F,B,G,A,A,H,-,-,D,0,,Y,,,Y,,A,01,0,1,0,0,0,0,1,0,0,"- ","- ",37.852150000000002,-122.28677,ALAMEDA,BERKELEY,-122.28657321999999,37.85186066
8469404,2017,2017-12-16,0103,2017-09-07,0815,S8,,4,5,6,0103,0,0,0,,0,004,"MARTIN LUTHER KING JR WY","ALLSTON WY",0.00,,N,A,-,N,,,,,,,,,,N,4,0,1,2,C,-,18,,,N,G,B,D,A,H,-,A,A,0,Y,,,,Y,,-,"- ",0,0,1,0,1,0,0,0,0,"- ","- ",,,ALAMEDA,BERKELEY,-122.27267994,37.868769919999998
8469415,2017,2017-12-16,0103,2017-09-20,2011,21,,3,5,6,0103,0,0,0,,0,004,UNIVERSITY,CALIFORNIA,0.00,,Y,A,-,N,,,,,,,,,,N,4,0,1,2,A,-,09,21804,A,N,D,G,A,A,H,-,D,A,0,,Y,,,Y,Y,L,04,0,0,1,0,0,0,1,0,0,"- ","- ",37.871020000000001,-122.27967,ALAMEDA,BERKELEY,-122.27975992,37.87074999
8469416,2017,2017-12-16,0103,2017-09-28,1129,146,,4,5,6,0103,0,0,0,,0,002,WALNUT,"HEARST AV",0.00,,Y,A,-,N,,,,,,,,,,N,3,0,1,2,A,-,10,21950,A,N,G,B,B,A,H,-,-,A,0,Y,,,,Y,,A,01,0,1,0,0,1,0,0,0,0,"- ","- ",37.874009999999998,-122.26749,ALAMEDA,BERKELEY,-122.26749989,37.873989940000001
8469548,2017,2018-07-06,0103,2017-10-04,1453,104,,3,5,6,0103,0,0,0,,0,008,"ASHBY AV","ADELINE ST",0.00,,Y,A,-,Y,ALA,4,13,-,-,12.240,I,6,N,N,4,0,1,2,A,-,09,21453,B,N,D,G,A,A,H,-,A,A,0,,Y,,,Y,,B,07,0,0,1,0,0,0,1,0,0,"- ","- ",37.854730000000004,-122.26902,ALAMEDA,BERKELEY,-122.26903964,37.854708950000003
8469562,2017,2018-07-06,0103,2017-11-09,1525,104,,4,5,6,0103,0,0,0,,0,008,"REGENT ST","ASHBY AV",0.00,,Y,A,-,Y,ALA,4,13,-,-,11.450,I,5,N,N,4,0,1,2,A,-,10,21950,A,N,G,B,B,A,H,-,A,A,0,Y,,,,Y,,M,91,0,0,1,0,1,0,0,0,0,"- ","- ",37.856560000000002,-122.25679,ALAMEDA,BERKELEY,-122.25682811999999,37.856605770000002
8473407,2017,2017-11-02,0103,2017-07-31,1215,151,,1,5,6,0103,0,0,0,,0,005,"SHATTUCK AV","CHANNING WY",0.00,,Y,A,-,N,,,,,,,,,,Y,2,0,1,2,A,-,09,21453,B,N,G,B,-,-,H,-,A,A,0,Y,Y,,,Y,,N,60,1,0,0,0,1,0,0,0,0,"- ","- ",37.865780000000001,-122.26758,ALAMEDA,BERKELEY,-122.26761998000001,37.865779910000001
8473411,2017,2017-11-02,0103,2017-07-28,2048,89,,5,5,6,0103,0,0,0,,0,006,BANCROFT,"BOWDITCH ST",0.00,,Y,A,-,N,,,,,,,,,,N,4,0,1,2,-,-,"- ",,,N,G,B,-,A,H,-,C,A,0,Y,,,,Y,,-,"- ",0,0,1,0,1,0,0,0,0,"- ","- ",37.868989999999997,-122.25689,ALAMEDA,BERKELEY,-122.25689998999999,37.86900997
8473415,2017,2017-11-02,0103,2017-07-24,1255,10,,1,5,6,0103,0,0,0,,0,006,TELEGRAPH,"CHANNING WY",0.00,,Y,A,-,N,,,,,,,,,,N,3,0,1,2,A,-,06,21750,,N,B,G,A,A,H,-,A,A,0,,Y,,,Y,Y,A,01,0,1,0,0,0,0,1,0,0,"- ","- ",37.866909999999997,-122.25879999999999,ALAMEDA,BERKELEY,-122.25882987999999,37.866899920000002
8473419,2017,2017-11-02,0103,2017-07-25,1504,5,,2,5,6,0103,0,0,0,,0,007,"COLLEGE AV","ASHBY AV",0.00,,Y,A,-,N,,,,,,,,,,N,3,0,1,2,A,-,10,21950,A,N,G,B,-,A,H,-,A,A,0,Y,,,,Y,,A,01,0,1,0,0,1,0,0,0,0,"- ","- ",37.857039999999998,-122.25304,ALAMEDA,BERKELEY,-122.25305994999999,37.857029910000001
8473435,2017,2017-11-02,0103,2017-07-09,2150,126,,7,5,6,0103,0,0,0,,0,005,"MILVIA ST","CARLETON ST",0.00,,Y,A,-,N,,,,,,,,,,N,3,0,1,2,A,-,17,22517,,N,B,G,A,A,H,-,D,D,0,,Y,,,Y,,A,01,0,1,0,0,0,0,1,0,0,"- ","- ",,,ALAMEDA,BERKELEY,-122.26952994,37.860909929999998
8475230,2017,2017-12-09,0103,2017-07-18,1322,85,,2,5,6,0103,0,0,0,,0,004,"UNIVERSITY AV","BONITA ST",0.00,,Y,A,-,N,,,,,,,,,,N,3,0,1,2,A,-,06,21951,,N,D,B,E,A,H,-,A,D,0,Y,,,,Y,,A,01,0,1,0,0,1,0,0,0,0,"- ","- ",37.871749999999999,-122.27188,ALAMEDA,BERKELEY,-122.27189998,37.871749940000001
8475649,2017,2017-12-07,0103,2017-08-11,1656,24,,5,5,6,0103,0,0,0,,0,014,"6TH ST","DELAWARE ST",0.00,,Y,A,-,N,,,,,,,,,,N,4,0,1,2,A,-,10,21950,A,F,G,B,B,A,H,-,-,A,0,Y,,,,Y,,A,01,0,0,1,0,1,0,0,0,0,"- ","- ",,,ALAMEDA,BERKELEY,-122.29854,37.870569949999997
8475653,2017,2017-12-07,0103,2017-08-28,1932,128,,1,5,6,0103,0,0,0,,0,016,SACRAMENTO,VIRGINIA,0.00,,Y,A,-,N,,,,,,,,,,N,4,0,1,2,A,-,12,22450,A,N,D,G,A,A,H,-,B,A,0,,Y,,,Y,,L,04,0,0,1,0,0,0,1,0,0,"- ","- ",37.874870000000001,-122.28243999999999,ALAMEDA,BERKELEY,-122.28252995,37.874839940000001
8477922,2017,2017-11-02,0103,2017-07-19,1600,47,,3,5,6,0103,0,0,0,,0,005,CHANNING,"MARTIN LUTHER KING JR",8.00,E,N,A,-,N,,,,,,,,,,N,3,0,1,2,A,-,03,22350,,N,D,G,A,A,H,-,A,A,0,,Y,,,Y,,L,04,0,1,0,0,0,0,1,0,0,"- ","- ",,,ALAMEDA,BERKELEY,-122.27228259,37.86517328
8477926,2017,2017-11-02,0103,2017-07-19,1350,144,,3,5,6,0103,0,0,0,,0,003,"MARTIN LUTHER KING JR","BERKELEY WY",0.00,S,N,A,-,N,,,,,,,,,,N,3,0,1,2,A,-,17,22517,,N,B,G,A,A,H,-,A,D,0,,Y,,,Y,,A,01,0,1,0,0,0,0,1,0,0,"- ","- ",,,ALAMEDA,BERKELEY,-122.27310986000001,37.872449930000002
8477934,2017,2017-11-02,0103,2017-07-18,0206,22,,2,5,6,0103,0,0,0,,0,014,UNIVERSITY,"SAN PABLO AV",88.00,W,N,A,-,N,,,,,,,,,,N,4,0,1,2,A,-,11,21954,A,N,A,B,D,A,H,-,C,D,0,Y,,,,Y,Y,N,60,0,0,1,0,1,0,0,0,0,"- ","- ",,,ALAMEDA,BERKELEY,-122.29250749000001,37.869076880000001
8477950,2017,2017-11-02,0103,2017-07-13,1208,71,,4,5,6,0103,0,0,0,,0,014,UNIVERSITY,"5TH ST",55.00,E,N,A,-,N,,,,,,,,,,N,2,0,1,2,A,-,03,22350,,F,C,G,A,A,H,-,A,D,0,,Y,,,Y,Y,L,04,1,0,0,0,0,0,1,0,0,"- ","- ",37.867910000000002,-122.29771,ALAMEDA,BERKELEY,-122.29862498999999,37.86790628
8477974,2017,2017-11-02,0103,2017-07-07,1709,9,,5,5,6,0103,0,0,0,,0,004,"MLK JR",ADDISON,0.00,,Y,A,-,N,,,,,,,,,,,4,0,1,3,A,-,10,21950,A,N,G,B,B,A,H,-,A,A,0,Y,,,,Y,,A,01,0,0,1,0,1,0,0,0,0,"- ","- ",,,ALAMEDA,BERKELEY,-122.2729099,37.870569949999997
8482178,2017,2018-05-25,0103,2017-07-06,1815,47,,4,5,6,0103,0,0,0,,0,016,"SAN PABLO","UNIVERSITY AV",23.00,N,N,A,-,Y,ALA,4,123,-,-,3.160,H,-,N,N,3,0,2,2,A,-,03,22350,,N,G,B,D,A,H,-,A,A,0,Y,,,,Y,,A,01,0,1,1,0,1,0,0,0,0,"- ","- ",,,ALAMEDA,BERKELEY,-122.29215425,37.869250149999999
8482567,2017,2017-11-20,0103,2017-08-22,1126,150,,2,5,6,0103,0,0,0,,0,016,"PERALTA AV","HOPKINS ST",221.00,N,N,A,-,N,,,,,,,,,,N,4,0,1,2,A,-,05,21651,B,F,G,B,E,A,H,-,A,D,0,Y,,,,Y,,A,01,0,0,1,0,1,0,0,0,0,"- ","- ",37.879779999999997,-122.28785000000001,ALAMEDA,BERKELEY,-122.28865346000001,37.878559940000002
8482571,2017,2017-11-20,0103,2017-08-17,1400,47,,4,5,6,0103,0,0,0,,0,008,"COLLEGE AV","ASHBY AV",100.00,N,N,A,-,N,,,,,,,,,,N,4,0,1,2,D,-,00,,,N,G,B,E,A,H,-,A,D,0,Y,,,,Y,,-,"- ",0,0,1,0,1,0,0,0,0,"- ","- ",,,ALAMEDA,BERKELEY,-122.25308382999999,37.857304059999997
8482579,2017,2017-12-19,0103,2017-08-24,1820,59,,4,5,6,0103,0,0,0,,0,014,"9TH ST","DELAWARE ST",0.00,,Y,A,-,N,,,,,,,,,,N,4,0,1,2,A,-,08,22101,D,N,D,G,A,A,H,-,B,A,0,,Y,,,Y,,-,"- ",0,0,1,0,0,0,1,0,0,"- ","- ",37.871229999999997,-122.29524000000001,ALAMEDA,BERKELEY,-122.29524986,37.871239889999998
8482583,2017,2018-05-04,0103,2017-08-25,1350,59,,5,5,6,0103,0,0,0,,0,005,"DURANT AV","FULTON ST",158.00,W,N,A,-,N,,,,,,,,,,N,2,0,1,2,A,-,03,22350,,F,G,B,E,A,H,-,A,A,0,Y,,,,Y,,A,01,1,0,0,0,1,0,0,0,0,"- ","- ",37.866929999999996,-122.26581,ALAMEDA,BERKELEY,-122.26632068000001,37.86686168
8482587,2017,2017-11-20,0103,2017-08-26,1838,126,,6,5,6,0103,0,0,0,,0,009,"ADELINE ST","WOOLSEY ST",0.00,,Y,A,-,N,,,,,,,,,,N,3,0,1,2,A,-,10,21950,A,N,G,B,B,A,H,-,A,D,0,Y,,,,Y,,A,01,0,1,0,0,1,0,0,0,0,"- ","- ",37.851939999999999,-122.27009,ALAMEDA,BERKELEY,-122.27014994,37.851999939999999
8482591,2017,2017-11-20,0103,2017-08-25,1850,59,,5,5,6,0103,0,0,0,,0,010,"ASHBY AV","CALIFORNIA ST",0.00,,Y,A,-,N,,,13,,,,,,,N,3,0,1,2,A,-,11,21950,B,N,D,G,A,A,H,-,B,A,0,,Y,,,Y,,L,04,0,1,0,0,0,0,1,0,0,"- ","- ",37.853549999999998,-122.27692999999999,ALAMEDA,BERKELEY,-122.27693185,37.853565789999998
8482595,2017,2017-11-20,0103,2017-08-28,1216,146,,1,5,6,0103,0,0,0,,0,016,"9TH ST","HEARST AV",0.00,,Y,A,-,N,,,,,,,,,,N,3,0,3,4,A,-,10,21950,A,F,G,B,B,A,H,-,A,D,0,Y,,,,Y,,A,01,0,1,2,0,3,0,0,0,0,"- ","- ",37.869979999999998,-122.29483,ALAMEDA,BERKELEY,-122.29481998,37.86997994
8482611,2017,2017-11-20,0103,2017-08-14,0853,76,,1,5,6,0103,0,0,0,,0,010,"SACRAMENTO ST","FAIRVIEW ST",0.00,,Y,B,-,N,,,,,,,,,,N,4,0,1,2,A,-,08,22107,,N,G,B,B,A,H,-,A,D,0,Y,,,,Y,,A,01,0,0,1,0,1,0,0,0,0,"- ","- ",,,ALAMEDA,BERKELEY,-122.27823988,37.849669949999999
8482615,2017,2017-12-19,0103,2017-08-17,1408,65,,4,5,6,0103,0,0,0,,0,004,"SHATTUCK AV","KITTREDGE ST",0.00,,-,A,-,N,,,,,,,,,,N,4,0,1,2,D,-,00,,,N,G,B,A,A,H,-,A,D,0,,Y,,,Y,,-,"- ",0,0,1,0,0,0,1,0,0,"- ","- ",37.868490000000001,-122.26787,ALAMEDA,BERKELEY,-122.26793994000001,37.868479989999997
8482619,2017,2017-11-20,0103,2017-08-12,1609,24,,6,5,6,0103,0,0,0,,0,006,"BOWDITCH ST","DURANT AV",0.00,,Y,A,-,N,,,,,,,,,,N,3,0,1,2,A,-,12,21453,A,N,G,B,B,-,H,-,-,A,0,Y,,,,Y,,A,01,0,1,0,0,1,0,0,0,0,"- ","- ",,,ALAMEDA,BERKELEY,-122.25670993,37.868110000000001
8482623,2017,2017-12-19,0103,2017-08-11,0840,33,,5,5,6,0103,0,0,0,,0,012,"BROWNING ST","CHANNING WY",262.00,N,N,B,-,N,,,,,,,,,,,4,0,1,2,A,-,17,22517,,N,B,G,A,A,H,-,-,D,0,,Y,,,Y,,A,01,0,0,1,0,0,0,1,0,0,"- ","- ",37.864150000000002,-122.28709000000001,ALAMEDA,BERKELEY,-122.28736067,37.863949750000003
8482627,2017,2017-11-21,0103,2017-08-09,1459,146,,3,5,6,0103,0,0,0,,0,010,"SHATTUCK AV","RUSSELL ST",0.00,,Y,A,-,N,,,,,,,,,,N,4,0,1,2,A,-,10,21950,A,N,G,B,B,A,H,-,A,D,0,Y,,,,Y,,A,01,0,0,1,0,1,0,0,0,0,"- ","- ",37.856729999999999,-122.26669,ALAMEDA,BERKELEY,-122.26669996,37.856709899999998
8482635,2017,2017-11-21,0103,2017-08-07,1409,141,,1,5,6,0103,0,0,0,,0,004,"ALLSTON WY","MILVIA ST",0.00,,Y,A,-,N,,,,,,,,,,N,4,0,1,2,A,-,08,22107,,N,B,G,A,A,-,-,A,D,0,,Y,,,Y,,A,01,0,0,1,0,0,0,1,0,0,"- ","- ",,,ALAMEDA,BERKELEY,-122.27044993,37.8690499
8482650,2017,2017-11-15,0103,2017-08-30,1248,85,,3,5,6,0103,0,0,0,,0,006,BANCROFT,TELEGRAPH,0.00,,Y,A,-,N,,,,,,,,,,,4,0,1,2,A,-,11,21950,B,N,G,B,B,A,H,-,A,A,0,Y,,,,Y,,N,60,0,0,1,0,1,0,0,0,0,"- ","- ",37.868699999999997,-122.25915000000001,ALAMEDA,BERKELEY,-122.25920988,37.868729930000001
8486174,2017,2019-01-10,0103,2017-08-23,0910,64,,3,5,6,0103,0,0,0,,0,007,"TUNNEL RD","CLAREMONT AV",0.00,,Y,A,-,Y,ALA,4,13,-,-,10.580,H,-,N,N,4,0,1,2,A,-,08,22107,,N,D,G,A,A,H,-,A,A,0,,Y,,,Y,,-,,0,0,1,0,0,0,1,0,0,"- ","- ",37.858069999999998,-122.24630000000001,ALAMEDA,BERKELEY,-122.24196133,37.857449019999997
8487147,2017,2017-11-15,0103,2017-08-31,0818,104,,4,5,6,0103,0,0,0,,0,015,VIRGINIA,"9TH ST",0.00,,Y,A,-,N,,,,,,,,,,N,4,0,1,2,A,-,09,21802,A,N,D,G,A,A,H,-,A,D,0,,Y,,,Y,,L,04,0,0,1,0,0,0,1,0,0,"- ","- ",37.872999999999998,-122.29581,ALAMEDA,BERKELEY,-122.29580989,37.87296989
8487155,2017,2017-11-15,0103,2017-08-02,1830,47,,3,5,6,0103,0,0,0,,0,007,"PARKER ST","COLLEGE AV",0.00,,Y,A,-,N,,,,,,,,,,N,3,0,1,2,A,-,09,21802,A,N,A,G,A,A,H,-,A,A,0,,Y,,,Y,,A,01,0,1,0,0,0,0,1,0,0,"- ","- ",37.86392,-122.25372,ALAMEDA,BERKELEY,-122.25371998999999,37.863909939999999
8487171,2017,2017-11-15,0103,2017-08-06,2305,89,,7,5,6,0103,0,0,0,,0,005,"CHANNING WY","MILVIA ST",0.00,,Y,A,-,N,,,,,,,,,,N,4,0,1,2,A,-,14,21201,D,N,D,G,A,A,H,-,C,A,0,,Y,,,Y,,L,04,0,0,1,0,0,0,1,0,0,"- ","- ",37.865459999999999,-122.27001,ALAMEDA,BERKELEY,-122.27005995,37.865449920000003
8494090,2017,2017-11-21,0103,2017-08-18,0204,31,,5,5,6,0103,0,0,0,,0,008,TELEGRAPH,PRINCE,0.00,,Y,A,-,N,,,,,,,,,,N,4,0,1,2,A,-,08,22107,,N,B,G,A,A,H,-,C,D,0,,Y,,,Y,,A,01,0,0,1,0,0,0,1,0,0,"- ","- ",37.85369,-122.26002,ALAMEDA,BERKELEY,-122.26003991,37.853719890000001
8496950,2017,2018-02-17,0103,2017-08-12,2304,15,,6,5,6,0103,0,0,0,,0,005,SHATTUCK,"DURANT AV",0.00,,-,A,-,N,,,,,,,,,,N,4,0,1,2,A,-,17,21208,B,N,B,G,A,A,H,-,C,A,0,,Y,,,Y,,L,04,0,0,1,0,0,0,1,0,0,"- ","- ",37.866689999999998,-122.26768,ALAMEDA,BERKELEY,-122.26772993,37.866689909999998
8501081,2017,2017-12-14,0103,2017-09-26,0742,37,,2,5,6,0103,0,0,0,,0,005,"DWIGHT WAY","CALIFORNIA ST",0.00,,Y,A,-,N,,,,,,,,,,N,3,0,1,2,A,-,09,21802,A,N,D,G,A,A,H,-,A,A,0,,Y,,,Y,,L,04,0,1,0,0,0,0,1,0,0,"- ","- ",37.862479999999998,-122.2788,ALAMEDA,BERKELEY,-122.27899997,37.862479909999998
8501109,2017,2018-06-25,0103,2017-09-06,1712,81,,3,5,6,0103,0,0,0,,0,011,"SAN PABLO AV","SAN PABLO AV 2995",0.00,,-,A,-,Y,ALA,4,123,-,-,1.940,H,-,N,N,3,0,1,2,A,-,17,22517,,N,H,G,A,A,H,-,A,D,0,,Y,,,Y,,A,71,0,1,0,0,0,0,1,0,0,"- ","- ",37.852649999999997,-122.28648,ALAMEDA,BERKELEY,-122.28675017,37.85244136
8501209,2017,2017-12-08,0103,2017-09-17,1700,28,,7,5,6,0103,0,0,0,,0,016,CURTIS,CEDAR,0.00,,Y,A,-,N,,,,,,,,,,,4,0,1,2,A,-,12,22450,A,N,D,G,A,A,H,-,A,A,0,,Y,,,Y,,L,04,0,0,1,0,0,0,1,0,0,"- ","- ",37.875660000000003,-122.29061,ALAMEDA,BERKELEY,-122.29056987,37.875669979999998
8501213,2017,2017-12-08,0103,2017-09-17,1524,57,,7,5,6,0103,0,0,0,,0,010,SACRAMENTO,"OREGON ST",151.00,N,N,A,-,N,,,,,,,,,,N,4,0,1,2,A,-,11,21950,B,N,G,B,D,-,H,-,-,D,0,Y,,,,Y,,N,60,0,0,1,0,1,0,0,0,0,"- ","- ",37.856319999999997,-122.27943,ALAMEDA,BERKELEY,-122.27975637,37.856439109999997
8501221,2017,2017-12-08,0103,2017-09-27,0817,86,,3,5,6,0103,0,0,0,,0,011,MABEL,RUSSELL,0.00,,Y,A,-,N,,,,,,,,,,N,3,0,1,2,A,-,09,21804,A,N,D,G,A,A,H,-,A,D,0,,Y,,,Y,,L,04,0,1,0,0,0,0,1,0,0,"- ","- ",37.854109999999999,-122.28419,ALAMEDA,BERKELEY,-122.28437987,37.854049920000001
8501225,2017,2017-12-08,0103,2017-09-13,1938,59,,3,5,6,0103,0,0,0,,0,010,"M L KING JR",RUSSELL,0.00,,Y,A,-,N,,,,,,,,,,N,4,0,1,2,A,-,10,21950,A,N,G,B,A,A,H,-,C,A,0,,Y,,,Y,,A,07,0,0,1,0,0,0,1,0,0,"- ","- ",37.85613,-122.27128,ALAMEDA,BERKELEY,-122.27132991000001,37.856139970000001
8501229,2017,2017-12-08,0103,2017-09-13,0822,85,,3,5,6,0103,0,0,0,,0,002,CEDAR,CORNELL,0.00,,Y,B,C,N,,,,,,,,,,N,4,0,1,2,A,-,03,22350,,N,D,G,A,B,H,-,A,A,0,,Y,,,Y,,L,04,0,0,1,0,0,0,1,0,0,"- ","- ",37.875540000000001,-122.29145,ALAMEDA,BERKELEY,-122.29141993,37.875559969999998
8501233,2017,2017-12-08,0103,2017-09-12,2000,21,,2,5,6,0103,0,0,0,,0,004,SHATTUCK,ADDISON,0.00,,Y,A,F,N,,,,,,,,,,N,4,0,1,2,A,-,11,21456,B,F,G,B,B,A,H,-,C,A,0,Y,,,,Y,,N,60,0,0,1,0,1,0,0,0,0,"- ","- ",37.871169999999999,-122.26828,ALAMEDA,BERKELEY,-122.26827999,37.87115
8501237,2017,2017-12-08,0103,2017-09-12,1940,59,,2,5,6,0103,0,0,0,,0,003,"MARTIN LUTHER KING JR",DELAWARE,0.00,,Y,A,-,N,,,,,,,,,,N,4,0,1,2,A,-,10,21950,A,N,G,B,B,A,H,-,C,D,0,Y,,,,Y,,A,08,0,0,1,0,1,0,0,0,0,"- ","- ",37.874200000000002,-122.27329,ALAMEDA,BERKELEY,-122.27329994999999,37.874209929999999
8501241,2017,2017-12-08,0103,2017-09-10,1117,130,,7,5,6,0103,0,0,0,,0,004,MILVIA,"ADDISON ST",85.00,N,N,A,-,N,,,,,,,,,,Y,4,0,1,3,A,-,00,21760,B,N,B,G,A,A,H,-,A,D,0,,Y,,,Y,,A,01,0,0,1,0,0,0,1,0,0,"- ","- ",37.871090000000002,-121.27091,ALAMEDA,BERKELEY,-122.27065734999999,37.871092490000002
8501250,2017,2017-12-08,0103,2017-09-27,1351,119,,3,5,6,0103,0,0,0,,0,002,WALNUT,"ROSE ST",7.00,S,N,A,-,N,,,,,,,,,,N,4,0,1,2,A,-,10,21950,A,N,G,B,B,A,H,-,-,D,0,Y,,,,Y,,A,01,0,0,1,0,1,0,0,0,0,"- ","- ",37.881500000000003,-122.26864,ALAMEDA,BERKELEY,-122.26839757,37.88216087
8501254,2017,2017-12-08,0103,2017-09-26,2004,9,,2,5,6,0103,0,0,0,,0,006,DURANT,TELEGRAPH,0.00,,Y,A,-,N,,,,,,,,,,N,3,0,1,2,A,-,03,22350,,N,G,B,C,A,H,-,C,A,0,Y,,,,Y,,A,01,0,1,0,0,1,0,0,0,0,"- ","- ",,,ALAMEDA,BERKELEY,-122.25901986,37.867809950000002
8501262,2017,2018-06-25,0103,2017-09-26,1724,119,,2,5,6,0103,0,0,0,,0,007,COLLEGE,"RT 13",107.00,N,N,A,-,Y,ALA,4,13,-,-,11.230,I,6,S,N,3,0,1,2,C,-,18,,,N,H,G,A,A,H,-,C,A,0,,Y,,,Y,,-,"- ",0,1,0,0,0,0,1,0,0,"- ","- ",37.857039999999998,-122.25304,ALAMEDA,BERKELEY,-122.253055,37.857015689999997
8501265,2017,2017-12-08,0103,2017-09-05,1644,128,,2,5,6,0103,0,0,0,,0,002,SHATTUCK,VIRGINIA,0.00,,Y,A,-,N,,,,,,,,,,N,4,0,1,2,A,-,10,21950,A,N,G,B,B,A,H,-,A,A,0,Y,,,,Y,,A,01,0,0,1,0,1,0,0,0,0,"- ","- ",37.876600000000003,-122.2689,ALAMEDA,BERKELEY,-122.26893999000001,37.876589920000001
8501269,2017,2017-12-08,0103,2017-09-02,0030,26,,6,5,6,0103,0,0,0,,0,007,CHANNING,COLLEGE,0.00,,Y,A,-,N,,,,,,,,,,N,3,0,1,2,A,-,11,21950,B,N,A,B,D,A,H,-,C,A,0,Y,,,,Y,,N,60,0,1,0,0,1,0,0,0,0,"- ","- ",37.867510000000003,-122.25425,ALAMEDA,BERKELEY,-122.25428997,37.86747999
8501278,2017,2017-12-08,0103,2017-09-19,1713,59,,2,5,6,0103,0,0,0,,0,009,ALCATRAZ,KING,0.00,,Y,A,-,N,,,,,,,,,,N,4,0,1,2,A,-,06,21750,,N,B,G,A,A,H,-,A,D,0,,Y,,,Y,,A,01,0,0,1,0,0,0,1,0,0,"- ","- ",37.84845,-122.27361000000001,ALAMEDA,BERKELEY,-122.27360994999999,37.848449969999997
8502804,2017,2018-06-08,0103,2017-12-03,1445,133,,7,5,6,0103,0,0,0,,0,002,OXFORD,VIRGINIA,0.00,,Y,A,-,N,,,,,,,,,,Y,4,0,1,2,A,-,09,21802,A,N,D,G,A,A,H,-,A,A,0,,Y,,,Y,,L,04,0,0,1,0,0,0,1,0,0,"- ","- ",37.876890000000003,-122.26666,ALAMEDA,BERKELEY,-122.26665998999999,37.876869990000003