CASE_ID,ACCIDENT_YEAR,PROC_DATE,JURIS,COLLISION_DATE,COLLISION_TIME,OFFICER_ID,REPORTING_DISTRICT,DAY_OF_WEEK,CHP_SHIFT,POPULATION,CNTY_CITY_LOC,SPECIAL_COND,BEAT_TYPE,CHP_BEAT_TYPE,CITY_DIVISION_LAPD,CHP_BEAT_CLASS,BEAT_NUMBER,PRIMARY_RD,SECONDARY_RD,DISTANCE,DIRECTION,INTERSECTION,WEATHER_1,WEATHER_2,STATE_HWY_IND,CALTRANS_COUNTY,CALTRANS_DISTRICT,STATE_ROUTE,ROUTE_SUFFIX,POSTMILE_PREFIX,POSTMILE,LOCATION_TYPE,RAMP_INTERSECTION,SIDE_OF_HWY,TOW_AWAY,COLLISION_SEVERITY,NUMBER_KILLED,NUMBER_INJURED,PARTY_COUNT,PRIMARY_COLL_FACTOR,PCF_CODE_OF_VIOL,PCF_VIOL_CATEGORY,PCF_VIOLATION,PCF_VIOL_SUBSECTION,HIT_AND_RUN,TYPE_OF_COLLISION,MVIW,PED_ACTION,ROAD_SURFACE,ROAD_COND_1,ROAD_COND_2,LIGHTING,CONTROL_DEVICE,CHP_ROAD_TYPE,PEDESTRIAN_ACCIDENT,BICYCLE_ACCIDENT,MOTORCYCLE_ACCIDENT,TRUCK_ACCIDENT,NOT_PRIVATE_PROPERTY,ALCOHOL_INVOLVED,STWD_VEHTYPE_AT_FAULT,CHP_VEHTYPE_AT_FAULT,COUNT_SEVERE_INJ,COUNT_VISIBLE_INJ,COUNT_COMPLAINT_PAIN,COUNT_PED_KILLED,COUNT_PED_INJURED,COUNT_BICYCLIST_KILLED,COUNT_BICYCLIST_INJURED,COUNT_MC_KILLED,COUNT_MC_INJURED,PRIMARY_RAMP,SECONDARY_RAMP,LATITUDE,LONGITUDE,COUNTY,CITY,POINT_X,POINT_Y
8833069,2019,2019-04-11,0103,2019-02-18,1816,66,,1,5,6,0103,0,0,0,,0,004,ADDISON,GRANT,0.00,,Y,A,-,N,,,,,,,,,,,4,0,1,2,A,-,12,22450,A,N,D,G,A,A,H,-,D,A,0,,Y,,,Y,,L,04,0,0,1,0,0,0,1,0,0,"- ","- ",37.870201110839844,-122.27510070800781,ALAMEDA,BERKELEY,-122.27516174316406,37.870281219482422
8833073,2019,2019-04-10,0103,2019-02-22,1741,137,,5,5,6,0103,0,0,0,,0,003,CALIFORNIA,FRANCISCO,0.00,,Y,A,-,N,,,,,,,,,,N,2,0,1,2,A,-,17,22517,,N,H,G,A,A,H,-,A,D,0,,Y,,,Y,,A,01,1,0,0,0,0,0,1,0,0,"- ","- ",37.875,-122.28029632568359,ALAMEDA,BERKELEY,-122.28015899658203,37.874248504638672
8833089,2019,2019-04-10,0103,2019-02-22,1821,70,,5,5,6,0103,0,0,0,,0,001,ROSE,BONITA,0.00,,Y,-,-,N,,,,,,,,,,,2,0,1,2,A,-,10,21950,A,N,G,B,B,A,H,-,B,D,0,Y,,,,Y,,A,01,1,0,0,0,1,0,0,0,0,"- ","- ",37.881000518798828,-122.27297210693359,ALAMEDA,BERKELEY,-122.27295684814453,37.881599426269531
8833207,2019,2019-04-09,0103,2019-01-15,1735,66,,2,5,6,0103,0,0,0,,0,004,UNIVERSITY,CALIFORNIA,0.00,,Y,C,-,N,,,,,,,,,,N,3,0,1,2,A,-,10,21950,A,N,G,B,B,-,-,-,C,A,0,Y,,,,Y,,A,01,0,1,0,0,1,0,0,0,0,"- ","- ",37.870399475097656,-122.27899932861328,ALAMEDA,BERKELEY,-122.27976226806641,37.870750427246094
8833223,2019,2019-04-09,0103,2019-01-31,1810,136,,4,5,6,0103,0,0,0,,0,012,SACRAMENTO,CHANNING,0.00,,Y,A,-,N,,,,,,,,,,N,3,0,1,2,A,-,08,22107,,N,D,G,A,A,H,-,B,D,0,,Y,,,Y,,A,01,0,1,0,0,0,0,1,0,0,"- ","- ",37.863998413085938,-122.28099822998047,ALAMEDA,BERKELEY,-122.28138732910156,37.863990783691406
8833235,2019,2019-04-09,0103,2019-01-03,1632,25,,4,5,6,0103,0,0,0,,0,013,BANCROFT,4TH,0.00,,Y,A,-,N,,,,,,,,,,N,3,0,1,2,A,-,12,22450,A,N,D,G,A,A,H,-,A,A,0,,Y,,,Y,,L,04,0,1,0,0,0,0,1,0,0,"- ","- ",37.862998962402344,-122.29799652099609,ALAMEDA,BERKELEY,-122.29840850830078,37.863071441650391
8833247,2019,2019-04-09,0103,2019-01-02,1223,85,,3,5,6,0103,0,0,0,,0,007,ASHBY,COLLEGE,0.00,,Y,A,-,N,,,,,,,,,,N,4,0,1,2,A,-,10,21950,A,N,D,B,B,A,F,-,A,A,0,Y,,,,Y,,A,01,0,0,1,0,1,0,0,0,0,"- ","- ",37.856998443603516,-122.25299835205078,ALAMEDA,BERKELEY,-122.25305938720703,37.857028961181641
8835202,2019,2019-04-09,0103,2019-02-18,1328,128,,1,5,6,0103,0,0,0,,0,005,MILVIA,CHANNING,0.00,,Y,A,-,N,,,,,,,,,,N,3,0,1,2,A,-,10,21950,A,N,G,B,B,A,H,-,A,A,0,Y,,,,Y,,A,01,0,1,0,0,1,0,0,0,0,"- ","- ",37.865459442138672,-122.27001190185547,ALAMEDA,BERKELEY,-122.27005767822266,37.865451812744141
8835214,2019,2019-04-09,0103,2019-02-14,0825,93,36,4,5,6,0103,0,0,0,,0,008,BENVENUE,"DERBY ST",312.00,S,N,C,-,N,,,,,,,,,,N,3,0,1,2,A,-,11,21954,A,N,G,B,D,B,H,-,A,A,0,Y,,,,Y,,N,60,0,1,0,0,1,0,0,0,0,"- ","- ",,,ALAMEDA,BERKELEY,-122.25465393066406,37.860866546630859
8835218,2019,2019-04-09,0103,2019-02-13,2041,9,,3,5,6,0103,0,0,0,,0,006,ELLSWORTH,BANCROFT,0.00,,Y,C,-,N,,,,,,,,,,N,3,0,1,2,A,-,10,21950,A,N,A,B,B,B,H,-,C,A,0,Y,,,,Y,,A,01,0,1,0,0,1,0,0,0,0,"- ","- ",,,ALAMEDA,BERKELEY,-122.26374816894531,37.868171691894531
8835222,2019,2019-04-09,0103,2019-02-13,1957,152,,3,5,6,0103,0,0,0,,0,011,SACRAMENTO,OREGON,0.00,,Y,C,-,N,,,,,,,,,,N,3,0,1,2,A,-,10,21950,A,N,G,B,B,B,H,-,C,D,0,Y,,,,Y,,A,01,0,1,0,0,1,0,0,0,0,"- ","- ",37.856021881103516,-122.27960968017578,ALAMEDA,BERKELEY,-122.27967071533203,37.856029510498047
8835225,2019,2019-04-10,0103,2019-01-18,1757,108,,5,5,6,0103,0,0,0,,0,001,MARIN,TULARE,0.00,,Y,A,-,N,,,,,,,,,,N,3,0,1,2,A,-,09,21802,A,N,D,G,A,-,H,-,C,A,0,,Y,,,Y,,A,01,0,1,0,0,0,0,1,0,0,"- ","- ",37.889408111572266,-122.28185272216797,ALAMEDA,BERKELEY,-122.2818603515625,37.889408111572266
8835234,2019,2019-04-09,0103,2019-02-12,1800,159,,2,5,6,0103,0,0,0,,0,008,ADELINE,WOOLSEY,240.00,N,N,A,-,N,,,,,,,,,,N,2,0,1,2,A,-,10,21950,A,N,G,B,C,A,H,-,D,D,0,Y,,,,Y,,A,01,1,0,0,0,1,0,0,0,0,"- ","- ",37.852439880371094,-122.26931762695312,ALAMEDA,BERKELEY,-122.26992034912109,37.852634429931641
8835242,2019,2019-04-09,0103,2019-02-09,2114,6,,6,5,6,0103,0,0,0,,0,006,CHANNING,TELEGRAPH,0.00,,Y,C,-,N,,,,,,,,,,,3,0,1,2,A,-,17,21657,,N,A,G,A,B,H,-,C,A,0,,Y,,,Y,Y,L,04,0,1,0,0,0,0,1,0,0,"- ","- ",37.866909027099609,-122.25879669189453,ALAMEDA,BERKELEY,-122.25882720947266,37.866901397705078
8835249,2019,2019-04-10,0103,2019-02-26,2100,26,,2,5,6,0103,0,0,0,,0,004,UNIVERSITY,OXFORD,0.00,,Y,C,-,N,,,,,,,,,,,2,0,1,2,A,-,10,21950,A,F,D,B,B,B,H,-,C,A,0,Y,,,,Y,,-,,1,0,0,0,1,0,0,0,0,"- ","- ",37.872451782226562,-122.26608276367188,ALAMEDA,BERKELEY,-122.26616668701172,37.872489929199219
8835250,2019,2019-04-09,0103,2019-02-05,2107,81,,2,5,6,0103,0,0,0,,0,004,GRANT,UNIVERSITY,0.00,,Y,A,-,N,,,,,,,,,,N,3,0,2,3,A,-,03,22350,,F,G,B,D,A,H,-,C,D,0,Y,,,,Y,,-,,0,2,0,0,2,0,0,0,0,"- ","- ",37.871261596679688,-122.27523803710938,ALAMEDA,BERKELEY,-122.27527618408203,37.871330261230469
8835254,2019,2019-04-09,0103,2019-02-05,1811,159,,2,5,6,0103,0,0,0,,0,005,"MARTIN LUTHER KING JR",PARKER,0.00,,Y,A,-,N,,,,,,,,,,N,2,0,1,2,A,-,10,21950,A,N,G,B,B,A,H,-,D,D,0,Y,,,,Y,,A,01,1,0,0,0,1,0,0,0,0,"- ","- ",37.861530303955078,-122.27189636230469,ALAMEDA,BERKELEY,-122.27191925048828,37.861549377441406
8835258,2019,2019-04-09,0103,2019-02-02,1930,87,24,6,5,6,0103,0,0,0,,0,002,HEARST,OXFORD,0.00,,Y,B,-,N,,,,,,,,,,,3,0,1,2,A,-,21,22106,,N,D,B,B,B,H,-,C,A,0,Y,,,,Y,,A,01,0,1,0,0,1,0,0,0,0,"- ","- ",37.874149322509766,-122.26628875732422,ALAMEDA,BERKELEY,-122.26634979248047,37.874160766601562
8835261,2019,2019-04-10,0103,2019-02-25,0600,76,,1,5,6,0103,0,0,0,,0,008,WARRING,"DERBY ST",150.00,N,N,B,-,N,,,,,,,,,,N,3,0,1,2,A,-,09,21804,A,N,H,B,F,A,H,-,B,D,0,Y,Y,,,Y,,L,04,0,1,0,0,1,0,0,0,0,"- ","- ",,,ALAMEDA,BERKELEY,-122.25016021728516,37.862739562988281
8835262,2019,2019-04-09,0103,2019-02-02,1930,28,,6,5,6,0103,0,0,0,,0,007,COLLEGE,ASHBY,0.00,,Y,C,-,N,,,,,,,,,,,3,0,1,2,A,-,10,21950,A,F,G,B,B,B,H,-,C,A,0,Y,,,,Y,,A,01,0,1,0,0,1,0,0,0,0,"- ","- ",,,ALAMEDA,BERKELEY,-122.25305938720703,37.857028961181641
8835269,2019,2019-04-10,0103,2019-02-22,1827,137,,5,5,6,0103,0,0,0,,0,002,SHATTUCK,VINE,0.00,,Y,A,-,N,,,,,,,,,,N,3,0,1,2,A,-,10,21950,A,N,G,B,B,A,H,-,-,A,0,Y,,,,Y,,A,01,0,1,0,0,1,0,0,0,0,"- ","- ",37.880218505859375,-122.26933288574219,ALAMEDA,BERKELEY,-122.26936340332031,37.880199432373047
8835273,2019,2019-05-16,0103,2019-02-20,1302,99,4001,3,5,6,0103,0,0,0,,0,009,"MARTIN LUTHER KING JR",ADELINE,0.00,,Y,A,-,N,,,,,,,,,,N,4,0,1,2,A,-,03,22350,,N,D,G,A,A,H,-,A,A,0,,Y,,,Y,,L,04,0,0,1,0,0,0,1,0,0,"- ","- ",,,ALAMEDA,BERKELEY,-122.27176666259766,37.847091674804688
8836935,2019,2019-04-17,0103,2019-01-31,1900,108,,4,5,6,0103,0,0,0,,0,013,HEINZ,10TH,0.00,,Y,F,-,N,,,,,,,,,,N,3,0,1,2,A,-,10,21950,A,N,G,B,B,A,H,-,C,D,0,Y,,,,Y,,A,01,0,1,0,0,1,0,0,0,0,"- ","- ",37.854400634765625,-122.28739929199219,ALAMEDA,BERKELEY,-122.28855895996094,37.854160308837891
8836947,2019,2019-04-17,0103,2019-01-03,1924,152,,4,5,6,0103,0,0,0,,0,003,SACRAMENTO,VIRGINIA,0.00,,Y,A,-,N,,,,,,,,,,N,2,0,1,2,A,-,10,21950,A,N,G,B,B,A,H,-,C,D,0,Y,,,,Y,,A,01,1,0,0,0,1,0,0,0,0,"- ","- ",37.874870300292969,-122.28244018554688,ALAMEDA,BERKELEY,-122.28253173828125,37.874839782714844
8837189,2019,2019-08-14,0102,2019-02-26,0949,LL0615,3,2,5,3,0102,0,0,0,,0,001,"KEY ROUTE","KEY ROUTE 603",0.00,,Y,B,C,N,,,,,,,,,,N,3,0,2,3,A,-,11,21954,A,N,G,B,D,B,H,-,A,D,0,Y,,,,Y,,N,60,0,1,1,0,2,0,0,0,0,"- ","- ",,,ALAMEDA,ALBANY,-122.292665,37.896256999999999
8841446,2019,2019-04-17,0103,2019-01-14,1742,66,,1,5,6,0103,0,0,0,,0,003,UNIVERSITY,"BONITA AV",0.00,,Y,B,-,N,,,,,,,,,,,3,0,1,2,A,-,10,21950,A,N,G,B,B,-,H,-,B,D,0,Y,,,,Y,,A,01,0,1,0,0,1,0,0,0,0,"- ","- ",37.871849060058594,-122.27072143554688,ALAMEDA,BERKELEY,-122.27189636230469,37.871749877929688
8841454,2019,2019-04-17,0103,2019-01-16,1812,99,,3,5,6,0103,0,0,0,,0,008,"WOOLSEY ST",ADELINE,0.00,,Y,C,-,N,,,,,,,,,,N,3,0,1,2,A,-,10,21950,A,F,G,B,B,-,H,-,C,D,0,Y,,,,Y,,-,,0,1,0,0,1,0,0,0,0,"- ","- ",37.851940155029297,-122.27010345458984,ALAMEDA,BERKELEY,-122.27014923095703,37.852001190185547
8841458,2019,2019-05-03,0103,2019-01-19,1133,150,,6,5,6,0103,0,0,0,,0,008,COLLEGE,"WEBSTER ST",52.00,S,N,A,-,N,,,,,,,,,,N,3,0,1,2,A,-,09,21804,A,N,B,G,A,A,H,-,A,D,0,,Y,,,Y,,A,01,0,1,0,0,0,0,1,0,0,"- ","- ",37.8560791015625,-122.25295257568359,ALAMEDA,BERKELEY,-122.25293731689453,37.855918884277344
8841462,2019,2019-04-17,0103,2019-01-21,0953,146,30,1,5,6,0103,0,0,0,,0,004,UNIVERSITY,CALIFORNIA,0.00,,Y,A,-,N,,,,,,,,,,N,3,0,1,2,A,-,08,22107,,N,D,G,A,B,H,-,A,A,0,,Y,,,Y,,A,01,0,1,0,0,0,0,1,0,0,"- ","- ",37.870429992675781,-122.27953338623047,ALAMEDA,BERKELEY,-122.27976226806641,37.870750427246094
8841474,2019,2019-04-17,0103,2019-01-22,1205,94,,2,5,6,0103,0,0,0,,0,006,TELEGRAPH,"DURANT AV",0.00,,Y,A,-,N,,,,,,,,,,N,3,0,1,3,C,-,18,,,F,G,B,F,A,G,-,A,A,0,Y,,,,Y,,-,"- ",0,1,0,0,1,0,0,0,0,"- ","- ",,,ALAMEDA,BERKELEY,-122.25901794433594,37.867809295654297
8841478,2019,2019-04-17,0103,2019-01-24,1912,70,,4,5,6,0103,0,0,0,,0,002,OXFORD,VIRGINIA,0.00,,Y,A,-,N,,,,,,,,,,N,3,0,1,2,A,-,10,21950,A,N,G,B,B,A,H,-,C,D,0,Y,,,,Y,,A,08,0,1,0,0,1,0,0,0,0,"- ","- ",37.876888275146484,-122.26657104492188,ALAMEDA,BERKELEY,-122.26666259765625,37.876869201660156
8841490,2019,2019-04-17,0103,2019-01-28,1115,104,,1,5,6,0103,0,0,0,,0,012,SACRAMENTO,BLAKE,0.00,,Y,A,-,N,,,,,,,,,,Y,3,0,2,3,A,-,09,21802,A,N,D,G,A,A,H,-,A,A,0,,Y,,,Y,,L,04,0,2,0,0,0,0,1,0,0,"- ","- ",37.861339569091797,-122.28072357177734,ALAMEDA,BERKELEY,-122.28086090087891,37.861328125
8841682,2019,2019-04-18,0103,2019-01-05,0242,,,6,5,6,0103,0,0,0,,0,010,"MARTIN LUTHER KING JR","STUART ST",0.00,,Y,A,-,N,,,,,,,,,,Y,2,0,2,3,A,-,10,21950,A,N,G,B,B,A,H,-,C,D,0,Y,,,,Y,Y,A,01,2,0,0,0,2,0,0,0,0,"- ","- ",37.857959747314453,-122.27149963378906,ALAMEDA,BERKELEY,-122.27152252197266,37.857959747314453
8841690,2019,2019-04-18,0103,2019-01-06,0648,26,,7,5,6,0103,0,0,0,,0,004,CENTER,OXFORD,0.00,,Y,B,-,N,,,,,,,,,,N,3,0,1,2,A,-,11,21456,B,N,D,B,B,A,H,-,C,A,0,Y,,,,Y,,N,60,0,1,0,0,1,0,0,0,0,"- ","- ",37.870578765869141,-122.25688171386719,ALAMEDA,BERKELEY,-122.26593780517578,37.870590209960938
8841698,2019,2019-04-18,0103,2019-01-06,2030,8,,7,5,6,0103,0,0,0,,0,004,UNIVERSITY,"MARTIN LUTHER KING JR WY",0.00,,Y,C,-,N,,,,,,,,,,N,3,0,1,2,A,-,10,21950,A,N,G,B,B,B,H,-,C,A,0,Y,,,,Y,,A,01,0,1,0,0,1,0,0,0,0,"- ","- ",37.871559143066406,-122.27300262451172,ALAMEDA,BERKELEY,-122.27301025390625,37.871608734130859
8841702,2019,2019-04-18,0103,2019-01-07,0635,120,19,1,5,6,0103,0,0,0,,0,016,GILMAN,NEILSON,0.00,,Y,A,-,N,,,,,,,,,,N,3,0,1,2,A,-,09,21802,A,N,D,G,A,B,H,-,C,A,0,,Y,,,Y,,A,01,0,1,0,0,0,0,1,0,0,"- ","- ",37.881240844726562,-122.28919219970703,ALAMEDA,BERKELEY,-122.28917694091797,37.881240844726562
8841710,2019,2019-04-18,0103,2019-01-08,0650,95,27,2,5,6,0103,0,0,0,,0,007,"DURANT AV","COLLEGE AV",0.00,,Y,B,-,N,,,,,,,,,,N,3,0,1,2,A,-,10,21950,A,F,G,B,B,B,H,-,B,A,0,Y,,,,Y,,A,01,0,1,0,0,1,0,0,0,0,"- ","- ",37.868389129638672,-122.25443267822266,ALAMEDA,BERKELEY,-122.25447082519531,37.868358612060547
8841722,2019,2019-04-18,0103,2019-01-08,1834,144,,2,5,6,0103,0,0,0,,0,013,7TH,CARLETON,0.00,,Y,B,-,N,,,,,,,,,,N,3,0,1,2,A,-,08,22107,,N,B,G,A,A,H,-,C,D,0,,Y,,,Y,,A,01,0,1,0,0,0,0,1,0,0,"- ","- ",,,ALAMEDA,BERKELEY,-122.29300689697266,37.856941223144531
8841726,2019,2019-04-18,0103,2019-01-09,1151,49,,3,5,6,0103,0,0,0,,0,008,"COLLEGE AV","COLLEGE AV 2936",5.00,E,N,A,-,N,,,,,,,,,,N,3,0,1,2,A,-,10,21950,A,N,G,B,C,B,H,-,A,D,0,Y,,,,Y,,A,01,0,1,0,0,1,0,0,0,0,"- ","- ",37.857578277587891,-122.25337982177734,ALAMEDA,BERKELEY,-122.25310516357422,37.857547760009766
8841730,2019,2019-04-18,0103,2019-01-09,2102,81,,3,5,6,0103,0,0,0,,0,003,DELAWARE,"MARTIN LUTHER KING JR",0.00,,Y,A,-,N,,,,,,,,,,N,3,0,1,2,A,-,10,21950,A,N,G,B,B,B,H,-,C,D,0,Y,,,,Y,,A,01,0,1,0,0,1,0,0,0,0,"- ","- ",37.874198913574219,-122.27329254150391,ALAMEDA,BERKELEY,-122.27330017089844,37.874210357666016
8841734,2019,2019-04-18,0103,2019-01-14,1750,99,,1,5,6,0103,0,0,0,,0,011,SACRAMENTO,JULIA,0.00,,Y,C,-,N,,,,,,,,,,,2,0,1,2,A,-,10,21950,A,N,G,B,B,B,H,-,C,A,0,Y,,,,Y,,A,01,1,0,0,0,1,0,0,0,0,"- ","- ",,,ALAMEDA,BERKELEY,-122.27915954589844,37.854148864746094
8841742,2019,2019-04-18,0103,2019-01-17,2100,98,32,4,5,6,0103,0,0,0,,0,014,9TH,ADDISON,0.00,,Y,A,-,N,,,,,,,,,,,3,0,1,2,A,-,05,21202,A,N,A,G,A,A,H,-,C,D,0,,Y,,,Y,,L,04,0,1,0,0,0,0,1,0,0,"- ","- ",37.86737060546875,-122.29399871826172,ALAMEDA,BERKELEY,-122.29399108886719,37.867359161376953
8841758,2019,2019-04-18,0103,2019-01-04,1846,112,,5,5,6,0103,0,0,0,,0,016,SACRAMENTO,"LINCOLN ST",44.00,S,N,A,-,N,,,,,,,,,,N,2,0,1,2,A,-,11,21954,A,N,G,B,D,A,H,-,C,D,0,Y,,,,Y,,N,60,1,0,0,0,1,0,0,0,0,"- ","- ",37.875820159912109,-122.28254699707031,ALAMEDA,BERKELEY,-122.28263854980469,37.875728607177734
8843128,2018,2019-05-08,0102,2018-11-12,1908,DH0611,1,1,5,3,0102,0,0,0,,0,001,SOLANO,PIERCE,0.00,,Y,A,-,N,,,,,,,,,,N,4,0,1,2,A,-,10,21950,A,N,G,B,B,A,H,-,C,D,0,Y,,,,Y,,A,01,0,0,1,0,1,0,0,0,0,"- ","- ",,,ALAMEDA,ALBANY,-122.30576324462891,37.888961791992188
8845972,2018,2019-05-20,0102,2018-11-26,1459,JR0612,1,1,5,3,0102,0,0,0,,0,001,"SAN PABLO AV","WASHINGTON AV",0.00,,Y,A,-,Y,ALA,4,123,-,-,4.810,I,5,N,N,4,0,1,2,A,-,21,22106,,N,G,B,B,A,H,-,A,A,0,Y,,,,Y,,A,01,0,0,1,0,1,0,0,0,0,"- ","- ",37.897148132324219,-122.30052185058594,ALAMEDA,ALBANY,-122.29959869384766,37.892318725585938
8846668,2018,2019-05-15,0103,2018-09-28,1751,123,,5,5,6,0103,0,0,0,,0,014,"10TH ST","UNIVERSITY AV",17.00,N,-,A,-,N,,,,,,,,,,N,3,0,1,2,A,-,03,22350,,N,A,B,D,-,H,-,-,D,0,Y,,,,Y,,A,01,0,1,0,0,1,0,0,0,0,"- ","- ",37.868869781494141,-122.29329681396484,ALAMEDA,BERKELEY,-122.29334259033203,37.868976593017578
8849318,2019,2019-08-21,0102,2019-01-29,1050,DL0626,5,2,5,3,0102,0,0,0,,0,002,"SAN PABLO AV","MARIN AV",365.00,S,N,A,-,Y,ALA,4,123,-,-,4.360,H,-,N,N,3,0,1,2,A,-,08,22107,,F,B,B,E,A,H,-,A,D,0,Y,,,,Y,,A,07,0,1,0,0,1,0,0,0,0,"- ","- ",37.885730743408203,-122.29731750488281,ALAMEDA,ALBANY,-122.2974853515625,37.885753631591797
8850130,2019,2019-08-21,0102,2019-02-11,2140,SW0618,5,1,5,3,0102,0,0,0,,0,002,"SOLANO AV","SAN PABLO AV",0.00,,Y,A,-,Y,ALA,4,123,-,-,4.690,I,6,N,N,3,0,1,2,A,-,11,21950,B,N,G,B,D,A,H,-,C,A,0,Y,,,,Y,Y,N,60,0,1,0,0,1,0,0,0,0,"- ","- ",,,ALAMEDA,ALBANY,-122.29894256591797,37.890281677246094
8850271,2019,2019-05-01,0102,2019-04-15,1610,LL0615,4,1,5,3,0102,0,0,0,,0,002,SOLANO,"KEY ROUTE",0.00,,Y,B,C,N,,,,,,,,,,N,3,0,1,2,A,-,12,22450,A,N,D,G,A,B,H,-,A,D,0,,Y,,,Y,,L,04,0,1,0,0,0,0,1,0,0,"- ","- ",,,ALAMEDA,ALBANY,-122.29312896728516,37.890598297119141
8853228,2018,2019-05-04,0103,2018-09-18,2145,14,,2,5,6,0103,0,0,0,,0,005,"MARTIN LUTHER KING JR WY","CHANNING WY",0.00,,Y,A,-,N,,,,,,,,,,N,3,0,1,2,A,-,08,22100,A,F,-,G,A,A,H,-,C,A,0,,Y,,,Y,,-,,0,1,0,0,0,0,1,0,0,"- ","- ",37.865169525146484,-122.27230834960938,ALAMEDA,BERKELEY,-122.27230834960938,37.865169525146484
8853260,2018,2019-05-04,0103,2018-09-10,1715,49,,1,5,6,0103,0,0,0,,0,003,"CEDAR ST","BONITA AV",0.00,,Y,A,-,N,,,,,,,,,,N,3,0,1,2,A,-,08,22107,,N,-,G,A,A,H,-,A,D,0,,Y,,,Y,,A,01,0,1,0,0,0,0,1,0,0,"- ","- ",37.877979278564453,-122.27255249023438,ALAMEDA,BERKELEY,-122.27253723144531,37.877979278564453
8853272,2018,2019-05-04,0103,2018-09-27,2053,7,,4,5,6,0103,0,0,0,,0,008,DERBY,"ELLSWORTH ST",0.00,,Y,A,-,,,,,,,,,,,,2,0,1,2,A,-,10,21950,A,N,G,B,B,A,H,-,C,A,0,Y,,,,Y,,A,01,1,0,0,0,1,0,0,0,0,"- ","- ",37.860958099365234,-122.26225280761719,ALAMEDA,BERKELEY,-122.26225280761719,37.860950469970703
8862999,2019,2019-05-30,0103,2019-03-29,1722,119,,5,5,6,0103,0,0,0,,0,001,"BONITA AV","BERRYMAN ST",0.00,,Y,A,-,N,,,,,,,,,,N,3,0,1,2,A,-,10,21950,A,N,G,B,B,A,H,-,A,D,0,Y,,,,Y,,D,22,0,1,0,0,1,0,0,0,0,"- ","- ",37.883338928222656,-122.27308654785156,ALAMEDA,BERKELEY,-122.27317047119141,37.883388519287109
8863180,2019,2019-05-31,0103,2019-03-27,0913,76,,3,5,6,0103,0,0,0,,0,010,"MILVIA ST","DERBY ST",114.00,S,N,B,C,N,,,,,,,,,,N,3,0,1,2,A,-,17,22517,,N,H,G,A,B,H,-,A,D,0,,Y,,,Y,,A,01,0,1,0,0,0,0,1,0,0,"- ","- ",,,ALAMEDA,BERKELEY,-122.26940155029297,37.859706878662109
8863184,2019,2019-11-14,0103,2019-03-26,0820,146,3602,2,5,6,0103,0,0,0,,0,006,"FULTON ST","PARKER ST",0.00,,Y,A,-,N,,,,,,,,,,N,3,0,1,2,A,-,10,21950,A,N,G,B,B,B,H,-,A,D,0,Y,,,,Y,,-,,0,1,0,0,1,0,0,0,0,"- ","- ",37.862461090087891,-122.26486968994141,ALAMEDA,BERKELEY,-122.26486206054688,37.862449645996094
8863188,2019,2019-05-30,0103,2019-03-26,1513,112,,2,5,6,0103,0,0,0,,0,004,"ALLSTON WY","SHUTTUCK AV",0.00,,Y,B,C,N,,,,,,,,,,N,2,0,1,2,A,-,10,21950,A,N,G,B,B,B,H,-,A,A,0,Y,,,,Y,,A,01,1,0,0,0,1,0,0,0,0,"- ","- ",37.869388580322266,-122.26792907714844,ALAMEDA,BERKELEY,-122.26802062988281,37.869388580322266
8863196,2019,2019-05-31,0103,2019-03-19,1115,146,,2,5,6,0103,0,0,0,,0,005,"PARKER ST","CARLETON ST",100.00,N,N,F,-,N,,,,,,,,,,N,3,0,1,2,A,-,08,22107,,N,G,B,F,A,H,-,A,D,0,Y,,,,Y,,A,01,0,1,0,0,1,0,0,0,0,"- ","- ",37.861930847167969,-122.26840209960938,ALAMEDA,BERKELEY,,
8863200,2019,2019-05-31,0103,2019-03-18,1830,23,,1,5,6,0103,0,0,0,,0,015,"FRONTAGE RD","GILMAN ST",0.00,,Y,A,-,N,,,,,,,,,,N,4,0,1,2,A,-,11,21950,B,N,D,G,A,A,H,-,A,D,0,,Y,,,Y,,L,04,0,0,1,0,0,0,1,0,0,"- ","- ",37.878009796142578,-122.30796051025391,ALAMEDA,BERKELEY,-122.30793762207031,37.878009796142578
8868570,2019,2019-06-03,0103,2019-03-13,0900,94,35,3,5,6,0103,0,0,0,,0,005,MILVIA,DWIGHT,0.00,,Y,A,-,N,,,,,,,,,,N,3,0,1,2,A,-,10,21950,A,F,G,B,B,A,H,-,A,D,0,Y,,,,Y,,A,08,0,1,0,0,1,0,0,0,0,"- ","- ",37.863651275634766,-122.26979827880859,ALAMEDA,BERKELEY,-122.26985168457031,37.863639831542969