CASE_ID,ACCIDENT_YEAR,PROC_DATE,JURIS,COLLISION_DATE,COLLISION_TIME,OFFICER_ID,REPORTING_DISTRICT,DAY_OF_WEEK,CHP_SHIFT,POPULATION,CNTY_CITY_LOC,SPECIAL_COND,BEAT_TYPE,CHP_BEAT_TYPE,CITY_DIVISION_LAPD,CHP_BEAT_CLASS,BEAT_NUMBER,PRIMARY_RD,SECONDARY_RD,DISTANCE,DIRECTION,INTERSECTION,WEATHER_1,WEATHER_2,STATE_HWY_IND,CALTRANS_COUNTY,CALTRANS_DISTRICT,STATE_ROUTE,ROUTE_SUFFIX,POSTMILE_PREFIX,POSTMILE,LOCATION_TYPE,RAMP_INTERSECTION,SIDE_OF_HWY,TOW_AWAY,COLLISION_SEVERITY,NUMBER_KILLED,NUMBER_INJURED,PARTY_COUNT,PRIMARY_COLL_FACTOR,PCF_CODE_OF_VIOL,PCF_VIOL_CATEGORY,PCF_VIOLATION,PCF_VIOL_SUBSECTION,HIT_AND_RUN,TYPE_OF_COLLISION,MVIW,PED_ACTION,ROAD_SURFACE,ROAD_COND_1,ROAD_COND_2,LIGHTING,CONTROL_DEVICE,CHP_ROAD_TYPE,PEDESTRIAN_ACCIDENT,BICYCLE_ACCIDENT,MOTORCYCLE_ACCIDENT,TRUCK_ACCIDENT,NOT_PRIVATE_PROPERTY,ALCOHOL_INVOLVED,STWD_VEHTYPE_AT_FAULT,CHP_VEHTYPE_AT_FAULT,COUNT_SEVERE_INJ,COUNT_VISIBLE_INJ,COUNT_COMPLAINT_PAIN,COUNT_PED_KILLED,COUNT_PED_INJURED,COUNT_BICYCLIST_KILLED,COUNT_BICYCLIST_INJURED,COUNT_MC_KILLED,COUNT_MC_INJURED,PRIMARY_RAMP,SECONDARY_RAMP,LATITUDE,LONGITUDE,COUNTY,CITY,POINT_X,POINT_Y
9001816,2019,2019-12-20,0103,2019-10-06,0003,16,,7,5,6,0103,0,0,0,,0,006,"DURANT AV","COLLEGE AV",0.00,,Y,A,-,N,,,,,,,,,,N,3,0,1,2,A,-,11,21456,B,N,G,B,B,A,H,-,C,A,0,Y,,,,Y,,N,60,0,1,0,0,1,0,0,0,0,"- ","- ",37.868389129638672,-122.25443267822266,ALAMEDA,BERKELEY,-122.25447082519531,37.868358612060547
9001819,2019,2019-12-21,0103,2019-10-23,1330,50,,3,5,6,0103,0,0,0,,0,002,SHATTUCK,"ROSE ST",0.00,,Y,A,-,N,,,,,,,,,,N,3,0,1,2,A,-,03,22350,,N,C,B,E,A,H,-,A,A,0,Y,,,,Y,,A,01,0,1,0,0,1,0,0,0,0,"- ","- ",37.881481170654297,-122.26899719238281,ALAMEDA,BERKELEY,-122.2705078125,37.881919860839844
9001831,2019,2019-12-21,0103,2019-10-20,1743,153,,7,5,6,0103,0,0,0,,0,002,VIRGINIA,OXFORD,0.00,,Y,A,-,N,,,,,,,,,,N,3,0,1,2,A,-,10,21950,A,N,G,B,B,A,H,-,A,A,0,Y,,,,Y,,A,01,0,1,0,0,1,0,0,0,0,"- ","- ",37.876888275146484,-122.26666259765625,ALAMEDA,BERKELEY,-122.26666259765625,37.876869201660156
9001840,2019,2019-12-20,0103,2019-10-02,1625,127,,3,5,6,0103,0,0,0,,0,002,"CEDAR ST","WALNUT ST",0.00,,Y,A,-,N,,,,,,,,,,N,2,0,1,2,A,-,10,21950,A,N,G,B,B,A,H,-,A,A,0,Y,,,,Y,,A,01,1,0,0,0,1,0,0,0,0,"- ","- ",37.878559112548828,-122.26799774169922,ALAMEDA,BERKELEY,-122.26796722412109,37.878559112548828
9001960,2019,2019-12-19,0103,2019-10-23,0857,37,,3,5,6,0103,0,0,0,,0,014,7TH,BANCROFT,0.00,,Y,A,-,N,,,,,,,,,,N,3,0,1,2,A,-,10,21950,A,N,A,B,B,A,H,-,A,A,0,Y,,,,Y,,A,07,0,1,0,0,1,0,0,0,0,"- ","- ",37.862998962402344,-122.29499816894531,ALAMEDA,BERKELEY,-122.29519653320312,37.863719940185547
90027216,2015,2015-10-19,9370,2015-09-21,0800,021023,,1,1,6,0103,1,4,S,,2,901,"ASHBY AVENUE","HARPER STREET",255.00,W,N,A,-,N,,,,,,,,,,N,3,0,1,3,A,-,03,22350,,N,B,G,A,A,H,-,A,A,0,,Y,,,Y,,A,01,0,1,0,0,0,0,1,0,0,"- ","- ",37.854179999999999,-122.2731,ALAMEDA,BERKELEY,-122.27296416,37.85406854
9003815,2019,2020-02-25,0103,2019-11-18,0836,112,,1,5,6,0103,0,0,0,,0,005,"KITTREDGE ST","SHATTUCK AV",85.00,E,N,A,-,N,,,,,,,,,,N,3,0,1,2,A,-,11,21954,A,N,G,B,D,A,H,-,A,A,0,Y,,,,Y,,N,60,0,1,0,0,1,0,0,0,0,"- ","- ",37.868488311767578,-122.26786804199219,ALAMEDA,BERKELEY,-122.26765441894531,37.868526458740234
90047888,2015,2015-11-10,9370,2015-10-23,1925,020734,,5,2,6,0103,0,1,1,,2,081,"I-80 WESTBOUND TO GILMAN STREET","GILMAN STREET",204.00,E,N,A,-,Y,,,,,,,,,,N,2,0,1,2,A,-,11,21954,A,N,G,B,D,A,H,-,E,D,0,Y,,,,Y,,N,60,1,0,0,0,1,0,0,0,0,"- ","- ",37.524349999999998,-122.18277999999999,ALAMEDA,BERKELEY,-122.307563,37.878653
9020494,2019,2020-06-04,0103,2019-10-26,1400,28,,6,5,6,0103,0,0,0,,0,007,"ASHBY AV","COLLEGE AV",0.00,,Y,A,-,Y,ALA,4,13,-,-,11.230,I,5,S,N,3,0,1,2,A,-,10,21950,A,N,G,B,B,A,H,-,A,A,0,Y,,,,Y,,A,07,0,1,0,0,1,0,0,0,0,"- ","- ",37.857040405273438,-122.25303649902344,ALAMEDA,BERKELEY,-122.2530517578125,37.857017517089844
90219269,2016,2016-07-11,9370,2016-06-30,2135,017211,,4,2,6,0103,0,1,1,,2,081,"I-80 EB FROM GILMAN STREET","GILMAN ST",9.00,E,N,B,-,Y,,,80,,,,R,,E,N,4,0,1,2,A,-,11,21950,B,N,G,B,B,A,H,-,D,D,0,Y,,,,Y,,N,60,0,0,1,0,1,0,0,0,0,"- ","- ",37.87838,-122.30683000000001,ALAMEDA,BERKELEY,-122.30683000000001,37.87838
9022801,2019,2020-07-13,0103,2019-11-27,1405,125,,3,5,6,0103,0,0,0,,0,008,"TELEGRAPH AV","ASHBY AV",101.00,S,N,A,-,Y,ALA,4,13,-,-,11.610,I,6,S,N,2,0,1,2,A,-,11,21954,A,N,G,B,D,A,H,-,A,D,0,Y,,,,Y,,N,60,1,0,0,0,1,0,0,0,0,"- ","- ",37.856189727783203,-122.25966644287109,ALAMEDA,BERKELEY,-122.25970458984375,37.856155395507812
9022834,2019,2020-01-30,0103,2019-11-01,1402,71,,5,5,6,0103,0,0,0,,0,008,SHATTUCK,"RUSSELL ST",45.00,S,N,A,-,N,,,,,,,,,,N,3,0,1,2,A,-,17,22517,,N,H,G,A,A,H,-,A,D,0,,Y,,,Y,,A,01,0,1,0,0,0,0,1,0,0,"- ","- ",37.856731414794922,-122.26669311523438,ALAMEDA,BERKELEY,-122.26668548583984,37.856586456298828
9022835,2019,2020-02-05,0103,2019-12-13,2340,99,,5,5,6,0103,0,0,0,,0,009,"MARTIN LUTHER KING JR WY",PRINCE,0.00,,Y,A,-,N,,,,,,,,,,N,3,0,1,2,A,-,10,21950,A,F,G,B,B,A,H,-,C,D,0,Y,,,,Y,,D,22,0,1,0,0,1,0,0,0,0,"- ","- ",,,ALAMEDA,BERKELEY,-122.27085876464844,37.852451324462891
9028971,2019,2020-01-28,0103,2019-11-20,1755,50,,3,5,6,0103,0,0,0,,0,001,SOLANO,TULARE,0.00,,Y,A,-,N,,,,,,,,,,Y,2,0,1,2,A,-,03,22350,,N,G,B,B,A,H,-,-,A,0,Y,,,,Y,,A,01,1,0,0,0,1,0,0,0,0,"- ","- ",37.891460418701172,-122.28256988525391,ALAMEDA,BERKELEY,-122.28241729736328,37.891201019287109
9028975,2019,2020-01-29,0103,2019-11-19,0851,76,33,2,5,6,0103,0,0,0,,0,010,SACRAMENTO,RUSSELL,0.00,,Y,A,-,N,,,,,,,,,,N,3,0,1,2,A,-,09,21801,A,N,D,G,A,-,H,-,-,A,0,,Y,,,Y,,A,01,0,1,0,0,0,0,1,0,0,"- ","- ",,,ALAMEDA,BERKELEY,-122.27944183349609,37.854869842529297
9028987,2019,2020-01-28,0103,2019-11-17,1224,7,,7,5,6,0103,0,0,0,,0,007,CLAREMONT,HAZEL,0.00,,Y,A,-,N,,,,,,,,,,N,2,0,1,2,A,-,06,21760,C,N,B,G,A,A,H,-,A,D,0,,Y,,,Y,,A,01,1,0,0,0,0,0,1,0,0,"- ","- ",37.856380462646484,-122.24667358398438,ALAMEDA,BERKELEY,-122.24668121337891,37.856380462646484
9028999,2019,2020-01-28,0103,2019-11-13,0845,68,,3,5,6,0103,0,0,0,,0,006,DURANT,CHANNING,0.00,,Y,A,-,N,,,,,,,,,,N,3,0,1,2,A,-,17,21657,,N,D,G,A,-,H,-,-,A,0,,Y,,,Y,,L,04,0,1,0,0,0,0,1,0,0,"- ","- ",37.867511749267578,-122.26126861572266,ALAMEDA,BERKELEY,-122.261269,37.867511999999998
9029007,2019,2020-01-27,0103,2019-11-11,1900,59,20,1,5,6,0103,0,0,0,,0,015,"GILMAN AV","EASTSHORE HWY",6.00,E,N,A,-,N,,,,,,,,,,Y,3,0,1,2,A,-,05,21650,B,N,G,B,B,-,H,-,D,D,0,Y,,,,Y,,N,60,0,1,0,0,1,0,0,0,0,"- ","- ",37.878299713134766,-122.30657196044922,ALAMEDA,BERKELEY,-122.30645751953125,37.878334045410156
9029008,2019,2020-01-27,0103,2019-11-30,1745,42,,6,5,6,0103,0,0,0,,0,007,DURANT,FULTON,0.00,,Y,B,-,N,,,,,,,,,,N,3,0,1,2,A,-,10,21950,A,F,B,B,B,A,-,-,C,A,0,Y,,,,Y,,-,99,0,1,0,0,1,0,0,0,0,"- ","- ",37.866928100585938,-122.26580810546875,ALAMEDA,BERKELEY,-122.26577758789062,37.866928100585938
9029015,2019,2020-01-27,0103,2019-11-10,1149,111,,7,5,6,0103,0,0,0,,0,016,"SANTA FE",GILMAN,0.00,,Y,A,-,N,,,,,,,,,,N,3,0,1,2,A,-,10,21950,A,N,G,B,B,-,H,-,-,A,0,Y,,,,Y,,A,01,0,1,0,0,1,0,0,0,0,"- ","- ",37.8814697265625,-122.29087066650391,ALAMEDA,BERKELEY,-122.29087829589844,37.881488800048828
9029017,2019,2020-02-03,0103,2019-12-18,1645,46,,3,5,6,0103,0,0,0,,0,007,DERBY,COLLEGE,0.00,,Y,C,-,N,,,,,,,,,,N,4,0,1,2,A,-,10,21950,A,N,G,B,B,B,H,-,B,D,0,Y,,,,Y,,A,01,0,0,1,0,1,0,0,0,0,"- ","- ",37.862110137939453,-122.2535400390625,ALAMEDA,BERKELEY,-122.25354766845703,37.862110137939453
9029020,2019,2020-01-27,0103,2019-11-25,0935,25,,1,5,6,0103,0,0,0,,0,003,"ROSE AV",JOSEPHINE,0.00,,Y,A,-,N,,,,,,,,,,N,3,0,1,2,A,-,09,21801,A,N,D,G,A,A,H,-,A,A,0,,Y,,,Y,,A,01,0,1,0,0,0,0,1,0,0,"- ","- ",37.881290435791016,-122.27523803710938,ALAMEDA,BERKELEY,-122.27519989013672,37.881290435791016
9029021,2019,2020-06-24,0103,2019-12-18,1840,16,,3,5,6,0103,0,0,0,,0,016,DELAWARE,"SAN PABLO",0.00,,Y,C,-,Y,ALA,4,123,-,-,3.340,I,5,N,N,3,0,2,3,A,-,10,21950,A,N,G,B,B,B,H,-,C,A,0,Y,,,,Y,,A,01,0,2,0,0,2,0,0,0,0,"- ","- ",37.871688842773438,-122.29296875,ALAMEDA,BERKELEY,-122.29293060302734,37.871711730957031
9029024,2019,2020-01-27,0103,2019-11-25,0850,125,,1,5,6,0103,0,0,0,,0,004,OXFORD,UNIVERSITY,0.00,,Y,A,-,N,,,,,,,,,,,3,0,1,2,A,-,10,21950,A,F,G,B,B,A,H,-,A,A,0,Y,,,,Y,,A,01,0,1,0,0,1,0,0,0,0,"- ","- ",37.872451782226562,-122.26608276367188,ALAMEDA,BERKELEY,-122.26616668701172,37.872489929199219
9029029,2019,2020-02-03,0103,2019-12-14,1830,16,28,6,5,6,0103,0,0,0,,0,006,DURANT,COLLEGE,0.00,,Y,A,-,N,,,,,,,,,,N,3,0,1,2,A,-,21,22106,,F,G,B,B,B,H,-,C,A,0,Y,,,,Y,,A,01,0,1,0,0,1,0,0,0,0,"- ","- ",37.868389129638672,-122.25443267822266,ALAMEDA,BERKELEY,-122.25447082519531,37.868358612060547
9029031,2019,2020-01-27,0103,2019-11-01,0811,86,,5,5,6,0103,0,0,0,,0,006,DWIGHT,DANA,0.00,,Y,A,-,N,,,,,,,,,,N,4,0,1,2,A,-,11,21456,B,N,G,B,B,A,H,-,A,A,0,Y,,,,Y,,N,60,0,0,1,0,1,0,0,0,0,"- ","- ",37.864830017089844,-122.26071929931641,ALAMEDA,BERKELEY,-122.26071929931641,37.864818572998047
9029032,2019,2020-01-27,0103,2019-11-24,1321,129,,7,5,6,0103,0,0,0,,0,003,HEARST,SHATTUCK,0.00,,Y,A,-,N,,,,,,,,,,N,3,0,1,2,A,-,09,21801,A,N,D,G,A,A,H,-,-,A,0,,Y,,,Y,,A,01,0,1,0,0,0,0,1,0,0,"- ","- ",37.873889923095703,-122.26857757568359,ALAMEDA,BERKELEY,-122.26860046386719,37.87384033203125
9029036,2019,2020-01-27,0103,2019-11-23,1439,148,,6,5,6,0103,0,0,0,,0,006,TELEGRAPH,PARKER,0.00,,Y,A,-,N,,,,,,,,,,N,3,0,1,2,A,-,11,21954,A,N,G,B,D,A,H,-,A,A,0,Y,,,,Y,,N,60,0,1,0,0,1,0,0,0,0,"- ","- ",,,ALAMEDA,BERKELEY,-122.25871276855469,37.863231658935547
9029037,2019,2020-02-03,0103,2019-12-13,1620,129,17,5,5,6,0103,0,0,0,,0,002,"CEDAR ST","WALNUT ST",0.00,,Y,C,-,N,,,,,,,,,,N,3,0,1,2,A,-,11,21950,B,N,G,B,D,B,H,-,A,D,0,Y,,,,Y,,N,60,0,1,0,0,1,0,0,0,0,"- ","- ",37.878559112548828,-122.26799774169922,ALAMEDA,BERKELEY,-122.26796722412109,37.878559112548828
9029040,2019,2020-01-27,0103,2019-11-23,1419,2,12,6,5,6,0103,0,0,0,,0,001,MARIN,"THE CIRCLE",35.00,W,N,A,-,N,,,,,,,,,,N,3,0,1,2,A,-,06,21760,C,N,B,G,A,A,H,-,A,D,0,,Y,,,Y,,A,07,0,1,0,0,0,0,1,0,0,"- ","- ",37.890178680419922,-122.27239227294922,ALAMEDA,BERKELEY,-122.27256011962891,37.890018463134766
9029044,2019,2020-02-05,0103,2019-12-12,1811,89,,4,5,6,0103,0,0,0,,0,013,"10TH ST","DWIGHT WY",0.00,,Y,B,-,N,,,,,,,,,,N,4,0,1,2,A,-,10,21950,A,N,G,B,B,B,H,-,C,D,0,Y,,,,Y,,A,01,0,0,1,0,1,0,0,0,0,"- ","- ",37.860858917236328,-122.29070281982422,ALAMEDA,BERKELEY,-122.29071044921875,37.860870361328125
9029052,2019,2020-02-05,0103,2019-12-12,1316,100,,4,5,6,0103,0,0,0,,0,007,"HASTE AV","COLLEGE AV",11.00,W,N,C,-,N,,,,,,,,,,N,4,0,1,2,A,-,10,21950,A,N,G,B,B,B,-,-,A,A,0,Y,,,,Y,,A,01,0,0,1,0,1,0,0,0,0,"- ","- ",37.866611480712891,-122.25408172607422,ALAMEDA,BERKELEY,-122.254150390625,37.866603851318359
9029056,2019,2020-02-05,0103,2019-12-11,1558,89,,3,5,6,0103,0,0,0,,0,015,"6TH ST","GILMAN ST",0.00,,Y,C,-,N,,,,,,,,,,N,4,0,1,2,A,-,10,21950,A,N,A,B,B,B,H,-,A,A,0,Y,,,,Y,,A,01,0,0,1,0,1,0,0,0,0,"- ","- ",37.879371643066406,-122.30129241943359,ALAMEDA,BERKELEY,-122.30135345458984,37.879360198974609
9029068,2019,2020-02-05,0103,2019-12-10,1859,14,,2,5,6,0103,0,0,0,,0,004,"CENTER ST","MILVIA ST",0.00,,Y,C,-,N,,,,,,,,,,N,3,0,1,2,A,-,10,21950,A,N,A,B,B,B,H,-,D,A,0,Y,,,,Y,Y,A,01,0,1,0,0,1,0,0,0,0,"- ","- ",37.869979858398438,-122.27055358886719,ALAMEDA,BERKELEY,-122.27055358886719,37.869960784912109
9029084,2019,2020-02-04,0103,2019-12-06,1405,30,,5,5,6,0103,0,0,0,,0,004,"HASTE ST","MILVIA ST",0.00,,Y,A,-,N,,,,,,,,,,N,3,0,1,2,A,-,11,21950,B,N,G,B,B,A,H,-,A,A,0,Y,,,,Y,,N,60,0,1,0,0,1,0,0,0,0,"- ","- ",,,ALAMEDA,BERKELEY,-122.26992797851562,37.864578247070312
9029088,2019,2020-02-04,0103,2019-12-06,2120,124,,5,5,6,0103,0,0,0,,0,004,"MARTIN LUTHER KING JR","ADDISON AV",0.00,,Y,C,-,N,,,,,,,,,,Y,3,0,1,2,A,-,10,21950,A,N,G,B,B,B,-,-,C,D,0,Y,,,,Y,,A,01,0,1,0,0,1,0,0,0,0,"- ","- ",37.870578765869141,-122.27288818359375,ALAMEDA,BERKELEY,-122.27291107177734,37.870571136474609
9029092,2019,2020-02-04,0103,2019-12-07,1150,108,,6,5,6,0103,0,0,0,,0,013,"7TH ST","ANTHONY ST",68.00,N,N,C,-,N,,,,,,,,,,N,3,0,1,3,A,-,08,22107,,F,B,B,E,B,H,-,A,D,0,Y,,,,Y,,A,01,0,1,0,0,1,0,0,0,0,"- ","- ",37.853481292724609,-122.29189300537109,ALAMEDA,BERKELEY,-122.29154968261719,37.852409362792969
9029096,2019,2020-02-04,0103,2019-12-05,1902,50,24,4,5,6,0103,0,0,0,,0,003,"CEDAR ST","HENRY ST",0.00,,Y,A,-,N,,,,,,,,,,N,3,0,1,2,A,-,11,21950,B,N,G,B,B,A,H,-,C,A,0,Y,,,,Y,Y,A,01,0,1,0,0,1,0,0,0,0,"- ","- ",37.878269195556641,-122.27030181884766,ALAMEDA,BERKELEY,-122.27028656005859,37.878280639648438
9029100,2019,2020-02-04,0103,2019-12-04,1834,4,,3,5,6,0103,0,0,0,,0,008,"SHATTUCK AV","WOOLSEY ST",0.00,,Y,A,-,N,,,,,,,,,,N,2,0,1,2,A,-,10,21950,A,N,G,B,B,-,H,-,D,D,0,Y,,,,Y,,A,01,1,0,0,0,1,0,0,0,0,"- ","- ",37.852378845214844,-122.26612091064453,ALAMEDA,BERKELEY,-122.26615142822266,37.852359771728516
9034335,2019,2020-06-24,0103,2019-11-10,1320,111,,7,5,6,0103,0,0,0,,0,016,"SAN PABLO AV","VIRGINIA ST",20.00,S,N,A,-,Y,ALA,4,123,-,-,3.460,H,-,N,N,3,0,1,2,-,-,"- ",,,F,G,B,E,A,H,-,A,D,0,Y,,,,Y,,-,"- ",0,1,0,0,1,0,0,0,0,"- ","- ",37.874149322509766,-122.29341125488281,ALAMEDA,BERKELEY,-122.29348754882812,37.873340606689453
9034338,2019,2020-02-01,0103,2019-12-08,1926,58,22,7,5,6,0103,0,0,0,,0,014,"SAN PABLO","HEARST AV",0.00,,Y,A,-,Y,,,,,,,,,,N,2,0,1,2,D,-,00,,,F,H,G,A,A,H,-,C,D,0,,Y,,,Y,,-,"- ",1,0,0,0,0,0,1,0,0,"- ","- ",37.870418548583984,-122.29551696777344,ALAMEDA,BERKELEY,-122.29261779785156,37.870399475097656
9034346,2019,2020-06-24,0103,2019-12-16,1103,93,32,1,5,6,0103,0,0,0,,0,014,BANCROFT,"SAN PABLO",0.00,,Y,A,-,Y,ALA,4,123,-,-,2.830,I,6,S,N,2,0,1,1,A,I,"- ",,,N,H,G,A,A,D,-,A,A,0,,Y,,,Y,,-,"- ",1,0,0,0,0,0,1,0,0,"- ","- ",,,ALAMEDA,BERKELEY,-122.29082489013672,37.86474609375
9034359,2019,2020-07-13,0103,2019-11-14,1234,46,39,4,5,6,0103,0,0,0,,0,008,"RT 13","HILLEGASS AV",165.00,W,N,B,-,Y,ALA,4,13,-,-,11.400,H,-,N,N,3,0,1,2,A,-,21,22106,,N,H,G,A,A,H,-,A,D,0,,Y,,,Y,,A,01,0,1,0,0,0,0,1,0,0,"- ","- ",37.856548309326172,-122.25669860839844,ALAMEDA,BERKELEY,-122.25597381591797,37.856708526611328
9036901,2019,2020-01-31,0103,2019-12-27,0642,26,,5,5,6,0103,0,0,0,,0,011,"SACRAMENTO ST","HARMON ST",0.00,,Y,A,-,N,,,,,,,,,,N,3,0,1,2,A,-,10,21950,A,F,B,B,B,A,H,-,C,A,0,Y,,,,Y,,A,01,0,1,0,0,1,0,0,0,0,"- ","- ",37.848819732666016,-122.27796173095703,ALAMEDA,BERKELEY,-122.27803802490234,37.848819732666016
9037002,2019,2020-02-04,0103,2019-12-20,2030,28,,5,5,6,0103,0,0,0,,0,007,"HASTE ST","PIEDMONT AV",0.00,,Y,A,-,N,,,,,,,,,,N,3,0,1,2,A,-,08,22107,,F,G,B,E,A,H,-,C,A,0,Y,,,,Y,,A,01,0,1,0,0,1,0,0,0,0,"- ","- ",37.866828918457031,-122.25174713134766,ALAMEDA,BERKELEY,-122.25184631347656,37.866798400878906
9039761,2019,2020-02-15,0103,2019-11-13,0945,68,,3,5,6,0103,0,0,0,,0,006,BANCROFT,BOWDITCH,0.00,,Y,A,-,N,,,,,,,,,,N,3,0,1,2,A,-,06,21760,B,F,B,G,A,A,D,-,-,D,0,,Y,,,Y,,-,99,0,1,0,0,0,0,1,0,0,"- ","- ",,,ALAMEDA,BERKELEY,-122.25689697265625,37.869010925292969
9039974,2019,2020-02-15,0103,2019-12-23,1845,14,,1,5,6,0103,0,0,0,,0,004,SHATTUCK,"ALLSTON WY",50.00,N,N,A,-,N,,,,,,,,,,N,4,0,1,2,A,-,17,22517,,M,-,G,A,A,H,-,C,A,0,,Y,,,Y,,A,01,0,0,1,0,0,0,1,0,0,"- ","- ",37.87030029296875,-122.26804351806641,ALAMEDA,BERKELEY,-122.26801300048828,37.869525909423828
90438086,2017,2017-04-19,9370,2017-02-17,1955,021281,,5,2,6,0103,0,1,1,,2,081,"I-80 E/B","GILMAN STREET",1075.00,E,N,C,-,Y,,,80,,,,,,E,N,1,1,0,2,A,-,11,21954,A,N,G,B,D,B,H,-,E,D,0,Y,,,,Y,,N,60,0,0,0,1,0,0,0,0,0,"- ","- ",37.8812,-122.30777,ALAMEDA,BERKELEY,-122.30790854,37.881171360000003
90451766,2017,2017-05-09,9370,2017-04-30,2232,021046,,7,3,6,0103,0,1,1,,2,081,"I-80 E/B","GILMAN ST",1500.00,W,N,A,-,Y,,,80,,,,,,E,N,3,0,1,2,A,-,11,21954,A,M,G,B,E,A,H,-,C,D,0,Y,,,,Y,Y,N,60,0,1,0,0,1,0,0,0,0,"- ","- ",37.873559999999998,-122.30575,ALAMEDA,BERKELEY,-122.30576757999999,37.873553719999997
90451864,2016,2017-05-10,9370,2016-11-14,0422,021164,,1,3,3,0102,0,1,1,,2,057,"I-580 W/B FROM I-80 E/B","I-80 W/B OVERCROSSING",297.00,W,N,B,-,Y,,,580,,,,R,,W,N,1,1,0,6,A,-,11,21956,,F,G,B,E,A,H,-,D,D,0,Y,,,,Y,Y,N,60,0,0,0,1,0,0,0,0,0,"- ","- ",37.891820000000003,-122.30889000000001,ALAMEDA,ALBANY,-122.30889000000001,37.891820000000003
9049287,2020,2020-03-04,0103,2020-01-08,1400,104,36,3,5,6,0103,0,0,0,,0,007,COLLEGE,RUSSELL,0.00,,Y,A,-,N,,,,,,,,,,N,3,0,1,2,A,-,10,21950,A,N,G,B,B,A,H,-,A,A,0,Y,,,,Y,,A,01,0,1,0,0,1,0,0,0,0,"- ","- ",37.85845947265625,-122.25318145751953,ALAMEDA,BERKELEY,-122.25318908691406,37.858489990234375
9049292,2020,2020-03-06,0103,2020-01-28,1515,50,,2,5,6,0103,0,0,0,,0,006,CHANNING,TELEGRAPH,0.00,,Y,A,-,N,,,,,,,,,,N,2,0,1,2,A,-,10,21950,A,F,D,B,B,A,H,-,-,A,0,Y,,,,Y,Y,A,01,1,0,0,0,1,0,0,0,0,"- ","- ",37.866909027099609,-122.25879669189453,ALAMEDA,BERKELEY,-122.25882720947266,37.866901397705078
9049295,2020,2020-03-04,0103,2020-01-15,1738,50,,3,5,6,0103,0,0,0,,0,003,UNIVERSITY,GRANT,0.00,,Y,A,-,N,,,,,,,,,,N,4,0,2,3,A,-,10,21950,A,N,G,B,B,A,A,-,C,A,0,Y,,,,Y,,A,01,0,0,2,0,2,0,0,0,0,"- ","- ",37.871261596679688,-122.27525329589844,ALAMEDA,BERKELEY,-122.27527618408203,37.871330261230469
9049296,2020,2020-03-06,0103,2020-01-31,0846,2,,5,5,6,0103,0,0,0,,0,001,MARIN,"THE CIRCLE",35.00,E,N,A,-,N,,,,,,,,,,N,3,0,1,2,A,-,03,22350,,N,C,G,A,-,H,-,A,D,0,,Y,,,Y,,A,01,0,1,0,0,0,0,1,0,0,"- ","- ",37.890178680419922,-122.27239227294922,ALAMEDA,BERKELEY,-122.27249145507812,37.890048980712891
9049303,2020,2020-03-04,0103,2020-01-14,0855,32,,2,5,6,0103,0,0,0,,0,002,VIRGINIA,EUCLID,0.00,,Y,A,-,N,,,,,,,,,,N,3,0,1,2,D,-,00,,,N,D,G,A,A,H,-,A,A,0,,Y,,,Y,,-,"- ",0,1,0,0,0,0,1,0,0,"- ","- ",37.78778076171875,-122.26068878173828,ALAMEDA,BERKELEY,-122.26069641113281,37.877780914306641
9049307,2020,2020-03-04,0103,2020-01-03,1750,129,13,5,5,6,0103,0,0,0,,0,001,MARIN,FRESNO,0.00,,Y,A,-,N,,,,,,,,,,N,3,0,1,2,A,-,10,21950,A,F,G,B,B,A,H,-,C,D,0,Y,,,,Y,,A,01,0,1,0,0,1,0,0,0,0,"- ","- ",37.889019012451172,-122.27776336669922,ALAMEDA,BERKELEY,-122.27767944335938,37.888999938964844
9049311,2020,2020-03-04,0103,2020-01-03,0815,2,,5,5,6,0103,0,0,0,,0,015,9TH,CEDAR,0.00,,Y,A,-,N,,,,,,,,,,N,3,0,1,2,A,-,10,21950,A,N,G,B,B,-,H,-,A,A,0,Y,,,,Y,,A,01,0,1,0,0,1,0,0,0,0,"- ","- ",37.874748229980469,-122.29637908935547,ALAMEDA,BERKELEY,-122.29637145996094,37.874748229980469
9049316,2020,2020-03-06,0103,2020-01-25,0815,18,,6,5,6,0103,0,0,0,,0,014,9TH,ALLSTON,0.00,,Y,B,-,N,,,,,,,,,,N,3,0,1,2,A,-,05,21651,B,F,B,G,A,A,H,-,A,A,0,,Y,,,Y,,L,04,0,1,0,0,0,0,1,0,0,"- ","- ",37.865699768066406,-122.29463195800781,ALAMEDA,BERKELEY,-122.29354095458984,37.865921020507812