CASE_ID,ACCIDENT_YEAR,PROC_DATE,JURIS,COLLISION_DATE,COLLISION_TIME,OFFICER_ID,REPORTING_DISTRICT,DAY_OF_WEEK,CHP_SHIFT,POPULATION,CNTY_CITY_LOC,SPECIAL_COND,BEAT_TYPE,CHP_BEAT_TYPE,CITY_DIVISION_LAPD,CHP_BEAT_CLASS,BEAT_NUMBER,PRIMARY_RD,SECONDARY_RD,DISTANCE,DIRECTION,INTERSECTION,WEATHER_1,WEATHER_2,STATE_HWY_IND,CALTRANS_COUNTY,CALTRANS_DISTRICT,STATE_ROUTE,ROUTE_SUFFIX,POSTMILE_PREFIX,POSTMILE,LOCATION_TYPE,RAMP_INTERSECTION,SIDE_OF_HWY,TOW_AWAY,COLLISION_SEVERITY,NUMBER_KILLED,NUMBER_INJURED,PARTY_COUNT,PRIMARY_COLL_FACTOR,PCF_CODE_OF_VIOL,PCF_VIOL_CATEGORY,PCF_VIOLATION,PCF_VIOL_SUBSECTION,HIT_AND_RUN,TYPE_OF_COLLISION,MVIW,PED_ACTION,ROAD_SURFACE,ROAD_COND_1,ROAD_COND_2,LIGHTING,CONTROL_DEVICE,CHP_ROAD_TYPE,PEDESTRIAN_ACCIDENT,BICYCLE_ACCIDENT,MOTORCYCLE_ACCIDENT,TRUCK_ACCIDENT,NOT_PRIVATE_PROPERTY,ALCOHOL_INVOLVED,STWD_VEHTYPE_AT_FAULT,CHP_VEHTYPE_AT_FAULT,COUNT_SEVERE_INJ,COUNT_VISIBLE_INJ,COUNT_COMPLAINT_PAIN,COUNT_PED_KILLED,COUNT_PED_INJURED,COUNT_BICYCLIST_KILLED,COUNT_BICYCLIST_INJURED,COUNT_MC_KILLED,COUNT_MC_INJURED,PRIMARY_RAMP,SECONDARY_RAMP,LATITUDE,LONGITUDE,COUNTY,CITY,POINT_X,POINT_Y
9049320,2020,2020-03-06,0103,2020-01-24,1754,129,17,5,5,6,0103,0,0,0,,0,001,EUNICE,SPRUCE,0.00,,Y,A,-,N,,,,,,,,,,N,3,0,1,2,A,-,10,21950,A,N,G,B,B,A,H,-,C,A,0,Y,,,,Y,Y,A,01,0,1,0,0,1,0,0,0,0,"- ","- ",37.886081695556641,-122.26657104492188,ALAMEDA,BERKELEY,-122.26661682128906,37.886051177978516
9049323,2020,2020-03-04,0103,2020-01-06,0833,120,,1,5,6,0103,0,0,0,,0,015,EASTSHORE,GILMAN,0.00,,Y,A,-,N,,,,,,,,,,N,3,0,1,2,A,-,05,21650,1,N,D,G,A,A,H,-,A,A,0,,Y,,,Y,,L,04,0,1,0,0,0,0,1,0,0,"- ","- ",37.878471374511719,-122.30577087402344,ALAMEDA,BERKELEY,-122.30648040771484,37.878330230712891
9049328,2020,2020-03-06,0103,2020-01-21,1823,78,22,2,5,6,0103,0,0,0,,0,016,SACRAMENTO,DELAWARE,0.00,,Y,C,-,N,,,,,,,,,,N,3,0,1,2,A,-,10,21950,A,N,G,B,B,B,-,-,C,A,0,Y,,,,Y,,A,07,0,1,0,0,1,0,0,0,0,"- ","- ",37.873069763183594,-122.28224182128906,ALAMEDA,BERKELEY,-122.2823486328125,37.873058319091797
9049332,2020,2020-03-06,0103,2020-01-21,1743,54,,2,5,6,0103,0,0,0,,0,001,MARIN,COLUSA,0.00,,Y,C,-,N,,,,,,,,,,N,3,0,1,2,A,-,10,21950,A,N,G,B,B,B,H,-,C,A,0,Y,,,,Y,,A,01,0,1,0,0,1,0,0,0,0,"- ","- ",37.889598846435547,-122.27896881103516,ALAMEDA,BERKELEY,-122.27887725830078,37.889560699462891
9049336,2020,2020-03-06,0103,2020-01-22,1621,83,"39 01",3,5,6,0103,0,0,0,,0,008,TELEGRAPH,WEBSTER,0.00,,Y,A,-,N,,,,,,,,,,N,3,0,1,2,A,-,10,21950,A,N,G,B,B,A,H,-,A,A,0,Y,,,,Y,,A,01,0,1,0,0,1,0,0,0,0,"- ","- ",37.854808807373047,-122.26033782958984,ALAMEDA,BERKELEY,-122.25979614257812,37.855190277099609
9049340,2020,2020-03-06,0103,2020-01-21,2330,120,,2,5,6,0103,0,0,0,,0,007,CLAREMONT,ALCATRAZ,0.00,,Y,F,-,N,,,,,,,,,,N,3,0,1,2,A,-,08,22107,,N,B,G,A,B,H,-,C,D,0,,Y,,,Y,,L,04,0,1,0,0,0,0,1,0,0,"- ","- ",37.851570129394531,-122.25031280517578,ALAMEDA,BERKELEY,-122.25038146972656,37.851799011230469
9049344,2020,2020-03-06,0103,2020-01-16,1950,115,,4,5,6,0103,0,0,0,,0,010,"MARTIN LUTHER KING JR",OREGON,0.00,,Y,B,C,N,,,,,,,,,,N,3,0,1,2,A,-,10,21950,A,N,G,B,B,B,H,-,C,D,0,Y,,,,Y,,A,01,0,1,0,0,1,0,0,0,0,"- ","- ",37.857051849365234,-122.27139282226562,ALAMEDA,BERKELEY,-122.27143096923828,37.857028961181641
9049356,2020,2020-03-06,0103,2020-01-21,1718,83,30,2,5,6,0103,0,0,0,,0,004,ADDISON,"MARTIN LUTHER KING JR",0.00,,Y,C,-,N,,,,,,,,,,N,3,0,1,2,A,-,10,21950,A,N,G,B,B,B,H,-,C,A,0,Y,,,,Y,,A,01,0,1,0,0,1,0,0,0,0,"- ","- ",37.870578765869141,-122.27288818359375,ALAMEDA,BERKELEY,-122.27291107177734,37.870571136474609
90502134,2017,2017-07-17,9370,2017-07-05,1850,021743,,3,2,6,0103,0,1,1,,2,081,"I-80 E/B FROM GILMAN STREET","GILMAN ST",16.00,E,N,A,-,Y,,,80,,,,R,,E,N,3,0,1,2,A,-,10,21950,A,N,G,G,A,A,H,-,A,D,0,,Y,,,Y,,A,01,0,1,0,0,0,0,1,0,0,"- ","- ",37.878419999999998,-122.30689,ALAMEDA,BERKELEY,-122.30689,37.878419999999998
9060094,2020,2020-11-02,0103,2020-01-12,1253,108,,7,5,6,0103,0,0,0,,0,013,ASHBY,"SAN PABLO",0.00,,Y,A,-,Y,ALA,4,13,-,-,13.180,I,5,S,N,3,0,1,2,A,-,03,22350,,N,D,G,A,A,H,-,A,A,0,,Y,,,Y,,A,01,0,1,0,0,0,0,1,0,0,"- ","- ",37.852138519287109,-122.28668212890625,ALAMEDA,BERKELEY,-122.28666687011719,37.852169036865234
9060099,2020,2020-11-02,0103,2020-01-22,1551,99,,3,5,6,0103,0,0,0,,0,014,"SAN PABLO",ALLSTON,0.00,,Y,A,-,Y,ALA,4,123,-,-,2.950,I,5,N,N,4,0,1,2,A,-,10,21950,A,N,G,B,B,A,H,-,A,A,0,Y,,,,Y,,A,01,0,0,1,0,1,0,0,0,0,"- ","- ",,,ALAMEDA,BERKELEY,-122.29123687744141,37.86639404296875
90615715,2017,2017-12-12,9370,2017-12-06,1735,018499,,3,2,3,0102,0,1,1,,2,057,"I-580 W/B FROM BUCHANAN STREET","BUCHANAN ST",7.00,E,N,A,-,Y,,,580,,,,R,,W,N,4,0,1,2,A,-,10,21950,A,N,H,G,A,A,H,-,C,D,0,,Y,,,Y,,A,08,0,0,1,0,0,0,1,0,0,"- ","- ",37.887529999999998,-122.30831000000001,ALAMEDA,ALBANY,-122.30831000000001,37.887529999999998
90671561,2017,2018-02-28,9370,2017-12-26,0140,021136,,2,3,6,0103,0,1,1,,2,081,"I-80 E/B","ASHBY AVENUE",2115.00,E,N,A,-,Y,,,,,,,,,,N,1,1,0,2,A,-,11,21954,A,N,G,B,E,A,H,-,D,D,0,Y,,,,Y,Y,N,60,0,0,0,1,0,0,0,0,0,"- ","- ",37.511699999999998,-122.18006,ALAMEDA,BERKELEY,,
9084659,2020,2020-07-16,0103,2020-02-24,1525,40,,1,5,6,0103,0,0,0,,0,007,COLLEGE,RUSSELL,0.00,,Y,A,-,N,,,,,,,,,,N,3,0,1,2,A,-,10,21950,A,N,G,B,B,A,H,-,A,A,0,Y,,,,Y,,D,22,0,1,0,0,1,0,0,0,0,"- ","- ",37.85845947265625,-122.25318145751953,ALAMEDA,BERKELEY,-122.25318908691406,37.858489990234375
9084663,2020,2020-06-10,0103,2020-02-25,1047,85,,2,5,6,0103,0,0,0,,0,005,SPAULDING,CHANNING,0.00,,Y,A,-,N,,,,,,,,,,N,4,0,1,2,A,-,09,21802,A,N,D,G,A,A,A,H,A,A,0,,Y,,,Y,,D,22,0,0,1,0,0,0,1,0,0,"- ","- ",37.864139556884766,-122.28024291992188,ALAMEDA,BERKELEY,-122.28022766113281,37.864139556884766
9090321,2020,2020-07-02,0103,2020-02-21,0855,86,,5,5,6,0103,0,0,0,,0,005,CHANNING,"MARTIN LUTHER KING JR WY",0.00,,Y,A,-,N,,,,,,,,,,N,3,0,1,2,A,-,11,21456,B,N,G,B,B,A,H,-,A,A,0,Y,,,,Y,,N,60,0,1,0,0,1,0,0,0,0,"- ","- ",37.865169525146484,-122.27230834960938,ALAMEDA,BERKELEY,-122.27230834960938,37.865169525146484
9090325,2020,2020-07-02,0103,2020-02-21,1958,142,,5,5,6,0103,0,0,0,,0,008,TELEGRAPH,DOWLING,0.00,,Y,A,-,N,,,,,,,,,,N,2,0,1,2,A,-,10,21950,A,F,G,B,B,A,H,-,C,D,0,Y,,,,Y,,A,01,1,0,0,0,1,0,0,0,0,"- ","- ",37.854160308837891,-122.25959777832031,ALAMEDA,BERKELEY,-122.25993347167969,37.854469299316406
9090326,2020,2020-07-01,0103,2020-02-26,1953,46,,3,5,6,0103,0,0,0,,0,004,OXFORD,UNIVERSITY,0.00,,Y,A,-,N,,,,,,,,,,N,2,0,1,2,A,-,14,21201,D,N,H,G,A,A,H,-,C,A,0,,Y,,,Y,,L,04,1,0,0,0,0,0,1,0,0,"- ","- ",37.872451782226562,-122.26608276367188,ALAMEDA,BERKELEY,-122.26616668701172,37.872489929199219
9090332,2020,2020-07-02,0103,2020-02-16,1840,67,,7,5,6,0103,0,0,0,,0,008,WOOLSEY,SHATTUCK,0.00,,Y,A,-,N,,,,,,,,,,N,3,0,1,2,A,-,10,21950,A,N,G,B,B,A,H,-,C,A,0,Y,,,,Y,,A,01,0,1,0,0,1,0,0,0,0,"- ","- ",37.852378845214844,-122.26612091064453,ALAMEDA,BERKELEY,-122.26615142822266,37.852359771728516
9090333,2020,2020-07-02,0103,2020-02-19,2058,24,,3,5,6,0103,0,0,0,,0,005,SHATTUCK,"BANCROFT WY",150.00,S,N,A,-,N,,,,,,,,,,N,3,0,1,3,A,-,03,22350,,N,B,B,F,A,H,-,C,D,0,Y,Y,,,Y,,L,04,0,1,0,0,1,0,0,0,0,"- ","- ",37.867229461669922,-122.26725769042969,ALAMEDA,BERKELEY,-122.26789855957031,37.867210388183594
9090338,2020,2020-07-02,0103,2020-02-24,1819,87,30,1,5,6,0103,0,0,0,,0,005,ALLSTON,MCGEE,0.00,,Y,A,-,N,,,,,,,,,,N,3,0,1,2,A,-,10,21950,A,N,G,B,B,A,H,-,B,D,0,Y,,,,Y,,A,01,0,1,0,0,1,0,0,0,0,"- ","- ",37.868198394775391,-122.27720642089844,ALAMEDA,BERKELEY,-122.2772216796875,37.868198394775391
9090339,2020,2020-07-01,0103,2020-02-28,1338,7,,5,5,6,0103,0,0,0,,0,009,ADELINE,ESSEX,0.00,,Y,A,-,N,,,,,,,,,,N,3,0,1,2,A,-,10,21950,A,N,G,B,B,A,H,-,A,D,0,Y,,,,Y,,A,01,0,1,0,0,1,0,0,0,0,"- ","- ",37.848098754882812,-122.27216339111328,ALAMEDA,BERKELEY,-122.26959228515625,37.853488922119141
9090783,2020,2020-07-20,0103,2020-02-08,1544,21,,6,5,6,0103,0,0,0,,0,014,2ND,"ADDISON AV",0.00,,Y,A,-,N,,,,,,,,,,,4,0,1,2,D,-,00,,,F,H,G,A,A,H,-,A,D,0,,Y,,,Y,,-,"- ",0,0,1,0,0,0,1,0,0,"- ","- ",37.8668212890625,-122.30371856689453,ALAMEDA,BERKELEY,-122.30169677734375,37.865791320800781
9090784,2020,2020-10-09,0103,2020-02-03,1400,16,25,1,5,6,0103,0,0,0,,0,002,"EUCLID AV",RIDGE,0.00,,Y,A,-,N,,,,,,,,,,N,3,0,1,2,A,-,10,21950,A,N,G,B,B,A,H,-,A,D,0,Y,,,,Y,,A,01,0,1,0,0,1,0,0,0,0,"- ","- ",37.876018524169922,-122.26033020019531,ALAMEDA,BERKELEY,-122.26033020019531,37.876041412353516
9090786,2020,2020-10-09,0103,2020-02-02,1954,56,,7,5,6,0103,0,0,0,,0,016,"HOPKINS AV",ALBIN,0.00,,Y,A,-,N,,,,,,,,,,N,3,0,1,2,A,-,11,21954,A,N,G,B,D,A,H,-,D,D,0,Y,,,,Y,,N,60,0,1,0,0,1,0,0,0,0,"- ","- ",37.880428314208984,-122.2843017578125,ALAMEDA,BERKELEY,-122.28431701660156,37.880439758300781
9090791,2020,2020-06-12,0103,2020-02-07,1641,28,,5,5,6,0103,0,0,0,,0,004,UNIVERSITY,"WALNUT AV",0.00,,Y,A,-,N,,,,,,,,,,,3,0,1,2,A,-,08,22107,,N,B,G,A,A,H,-,A,A,0,,Y,,,Y,,A,08,0,1,0,0,0,0,1,0,0,"- ","- ",37.872348785400391,-122.26686096191406,ALAMEDA,BERKELEY,-122.26687622070312,37.872390747070312
9090792,2020,2020-06-12,0103,2020-02-05,0800,3,19,3,5,6,0103,0,0,0,,0,016,"GILMAN AV","CURTIS AV",3.00,E,N,A,-,N,,,,,,,,,,N,3,0,1,2,A,-,03,22350,,N,G,B,B,A,H,-,B,D,0,Y,,,,Y,,A,01,0,1,0,0,1,0,0,0,0,"- ","- ",37.881439208984375,-122.29000854492188,ALAMEDA,BERKELEY,-122.28997802734375,37.881427764892578
9090796,2020,2020-06-16,0103,2020-02-03,0726,149,,1,5,6,0103,0,0,0,,0,012,"SACRAMENTO ST","RUSSELL ST",0.00,,Y,A,-,N,,,,,,,,,,N,3,0,1,2,A,-,05,21650,1,N,D,G,A,A,H,-,A,D,0,,Y,,,Y,,L,04,0,1,0,0,0,0,1,0,0,"- ","- ",,,ALAMEDA,BERKELEY,-122.27944183349609,37.854869842529297
9090799,2020,2020-10-09,0103,2020-02-07,0950,8,209,5,5,6,0103,0,0,0,,0,004,"ADDISON AV","MILVIA ST",35.00,E,N,A,-,N,,,,,,,,,,,3,0,1,2,A,-,09,21804,A,N,B,G,A,A,A,H,A,D,0,,Y,,,Y,,A,01,0,1,0,0,0,0,1,0,0,"- ","- ",37.870880126953125,-122.27062225341797,ALAMEDA,BERKELEY,-122.2705078125,37.870876312255859
9099225,2020,2020-07-20,0103,2020-03-09,1528,5,,1,5,6,0103,0,0,0,,0,015,"9TH ST","CEDAR ST",0.00,,Y,A,-,N,,,,,,,,,,N,4,0,1,2,A,-,11,21950,B,N,G,B,B,A,H,-,A,D,0,Y,,,,Y,,N,60,0,0,1,0,1,0,0,0,0,"- ",CO,37.874748229980469,-122.29637908935547,ALAMEDA,BERKELEY,-122.29637145996094,37.874748229980469
9099808,2020,2020-07-07,0103,2020-03-11,1100,25,,3,5,6,0103,0,0,0,,0,004,"MILVIA ST","CENTER ST",0.00,,Y,A,-,N,,,,,,,,,,N,3,0,1,2,A,-,21,22106,,N,C,G,A,A,H,-,A,D,0,,Y,,,Y,,A,08,0,1,0,0,0,0,1,0,0,"- ",CO,37.869979858398438,-122.27055358886719,ALAMEDA,BERKELEY,-122.27055358886719,37.869960784912109
9099817,2020,2020-07-06,0103,2020-03-01,1709,129,17,7,5,6,0103,0,0,0,,0,001,"ROSE ST","SHATTUCK PL",0.00,,Y,A,-,N,,,,,,,,,,N,3,0,1,2,A,-,17,21451,A,N,H,G,A,A,H,-,A,A,0,,Y,,,Y,,A,01,0,1,0,0,0,0,1,0,0,"- ","- ",37.88201904296875,-122.26953887939453,ALAMEDA,BERKELEY,-122.2705078125,37.881919860839844
9099818,2020,2020-10-02,0103,2020-03-02,0953,104,33,1,5,6,0103,0,0,0,,0,011,"ASHBY AV","DOHR ST",0.00,,Y,A,-,Y,ALA,4,13,-,-,12.860,I,5,S,N,3,0,1,2,A,-,08,22107,,N,-,G,A,A,H,-,A,D,0,,Y,,,Y,,L,04,0,1,0,0,0,0,1,0,0,"- ","- ",37.853511810302734,-122.28070068359375,ALAMEDA,BERKELEY,-122.28055572509766,37.853240966796875
9102914,2020,2020-09-25,0103,2020-03-13,1934,58,,5,5,6,0103,0,0,0,,0,014,"SAN PABLO",VIRGINIA,0.00,,Y,A,-,Y,ALA,4,123,-,-,3.470,I,5,N,N,2,0,1,2,A,-,09,21801,B,N,D,G,A,-,H,-,C,A,0,,Y,,,Y,,A,01,1,0,0,0,0,0,1,0,0,"- ","- ",37.873439788818359,-122.29353332519531,ALAMEDA,BERKELEY,-122.29353332519531,37.873477935791016
91108458,2019,2019-10-29,9370,2019-10-26,1930,022288,,6,2,6,0103,0,1,1,,2,081,"I-80 W/B FROM GILMAN STREET","GILMAN ST",50.00,W,N,A,-,Y,,,80,,,,R,,W,N,3,0,1,2,A,-,11,21954,A,N,G,B,D,A,H,-,C,D,0,Y,,,,Y,,N,60,0,1,0,0,1,0,0,0,0,"- ","- ",37.877849578857422,-122.30758666992188,ALAMEDA,BERKELEY,-122.30758666992188,37.877849578857422
9116201,2020,2020-08-03,0103,2020-04-28,1855,149,,2,5,6,0103,0,0,0,,0,002,"SPRUCE ST","EUNICE ST",130.00,S,N,A,-,Y,,,,,,,,,,N,3,0,1,2,A,-,06,21750,,F,B,G,A,A,H,-,A,D,0,,Y,,,Y,,L,04,0,1,0,0,0,0,1,0,0,"- ","- ",37.885509490966797,-122.26685333251953,ALAMEDA,BERKELEY,-122.26656341552734,37.885696411132812
9116202,2020,2020-08-03,0103,2020-04-25,1430,61,,6,5,6,0103,0,0,0,,0,001,"SPRUCE ST","MARIN AV",0.00,,Y,A,-,N,,,,,,,,,,N,4,0,1,2,A,-,17,22517,,N,H,G,A,A,H,-,A,D,0,,Y,,,Y,,A,01,0,0,1,0,0,0,1,0,0,"- ","- ",37.893119812011719,-122.26772308349609,ALAMEDA,BERKELEY,-122.2677001953125,37.893150329589844
9116206,2020,2020-08-03,0103,2020-04-14,0956,101,,2,5,6,0103,0,0,0,,0,015,"GILMAN ST","6TH ST",0.00,,Y,A,-,N,,,,,,,,,,N,3,0,1,2,A,-,10,21950,A,F,G,B,B,A,H,-,A,A,0,Y,,,,Y,,-,99,0,1,0,0,1,0,0,0,0,"- ","- ",,,ALAMEDA,BERKELEY,-122.30135345458984,37.879360198974609
91186576,2020,2020-02-14,9370,2020-02-05,2030,021299,,3,2,6,0103,0,1,1,,2,081,"I-80 W/B TO UNIVERSITY AVE.","UNIVERSITY AVE.",54.00,W,N,A,-,Y,,,80,,,,R,,W,N,3,0,1,2,B,-,22,,,N,B,G,A,A,H,-,D,D,0,,Y,,,Y,,L,04,0,1,0,0,0,0,1,0,0,"- ","- ",37.866321563720703,-122.30490112304688,ALAMEDA,BERKELEY,-122.30490112304688,37.866321563720703
91187390,2020,2020-02-17,9370,2020-01-02,1610,022346,,4,2,6,0103,0,1,1,,2,081,"I-80 W/B FROM GILMAN ST","GILMAN ST",48.00,W,N,A,-,Y,,,80,,,,R,,W,N,4,0,1,2,D,-,00,,,N,H,G,A,A,H,-,A,D,0,,Y,,,Y,,-,"- ",0,0,1,0,0,0,1,0,0,"- ","- ",37.877811431884766,-122.3076171875,ALAMEDA,BERKELEY,-122.3076171875,37.877811431884766
9122580,2020,2020-08-11,0103,2020-05-27,1744,149,,3,5,6,0103,0,0,0,,0,014,"UNIVERSITY AV","MARINA BL",0.00,,Y,A,-,N,,,,,,,,,,N,3,0,1,2,A,-,09,21802,A,N,D,G,A,A,H,-,A,A,0,,Y,,,Y,,A,01,0,1,0,0,0,0,1,0,0,"- ","- ",37.865959167480469,-122.31163787841797,ALAMEDA,BERKELEY,-122.31118774414062,37.865230560302734
9122588,2020,2020-08-11,0103,2020-05-08,1503,111,,5,5,6,0103,0,0,0,,0,016,"GILMAN ST","SANTA FE ST",0.00,,Y,A,-,N,,,,,,,,,,N,3,0,1,2,A,-,12,22450,A,F,D,G,A,A,H,-,A,A,0,,Y,,,Y,,A,01,0,1,0,0,0,0,1,0,0,"- ","- ",37.8814697265625,-122.29087066650391,ALAMEDA,BERKELEY,-122.29087829589844,37.881488800048828
9122592,2020,2020-08-11,0103,2020-05-18,1650,40,36,1,5,6,0103,0,0,0,,0,006,"TELEGRAPH AV","DWIGHT WY",0.00,,Y,A,-,N,,,,,,,,,,N,3,0,1,2,A,-,10,21950,A,N,D,B,B,A,H,-,A,A,0,Y,,,,Y,,A,01,0,1,0,0,1,0,0,0,0,"- ","- ",37.865341186523438,-122.25843811035156,ALAMEDA,BERKELEY,-122.25847625732422,37.865108489990234
9122600,2020,2020-08-11,0103,2020-05-23,1348,112,,6,5,6,0103,0,0,0,,0,010,"MARTIN LUTHERR KING JR","OREGON ST",0.00,,Y,A,-,N,,,,,,,,,,N,3,0,1,2,A,-,08,22107,,N,B,G,A,A,H,-,A,A,0,,Y,,,Y,,L,04,0,1,0,0,0,0,1,0,0,"- ","- ",37.857051849365234,-122.27137756347656,ALAMEDA,BERKELEY,-122.27143096923828,37.857028961181641
9122608,2020,2020-08-11,0103,2020-05-02,1658,112,,6,5,6,0103,0,0,0,,0,002,"EUCLID AV","HEARST AV",0.00,,Y,B,-,N,,,,,,,,,,N,2,0,2,2,A,-,03,22350,,N,G,B,F,A,H,-,A,A,0,Y,Y,,,Y,,L,04,2,0,0,0,1,0,1,0,0,"- ","- ",37.875080108642578,-122.26013946533203,ALAMEDA,BERKELEY,-122.26013946533203,37.875091552734375
9122612,2020,2020-08-11,0103,2020-05-24,0940,5,,7,5,6,0103,0,0,0,,0,017,"GILMAN ST","PERALTA AV",0.00,,Y,A,-,N,,,,,,,,,,N,4,0,1,2,A,-,08,22107,,N,D,G,A,A,H,-,A,A,0,,Y,,,Y,,L,04,0,0,1,0,0,0,1,0,0,"- ","- ",37.880908966064453,-122.28780364990234,ALAMEDA,BERKELEY,-122.28775024414062,37.880901336669922
9122628,2020,2020-08-11,0103,2020-05-08,1219,42,,5,5,6,0103,0,0,0,,0,013,"GRAYSON ST","7TH ST",0.00,,Y,A,-,N,,,,,,,,,,N,3,0,1,2,A,-,12,21453,A,N,D,G,A,A,H,-,A,A,0,,Y,,,Y,,L,04,0,1,0,0,0,0,1,0,0,"- ","- ",37.855300903320312,-122.29247283935547,ALAMEDA,BERKELEY,-122.29248809814453,37.855289459228516
9122636,2020,2020-08-11,0103,2020-05-06,1737,10,,3,5,6,0103,0,0,0,,0,003,"JOSEPHINE ST","ROSE ST",0.00,,Y,A,-,N,,,,,,,,,,N,2,0,1,2,A,-,10,21950,A,N,G,B,D,A,H,-,A,D,0,Y,,,,Y,,A,01,1,0,0,0,1,0,0,0,0,"- ","- ",37.881290435791016,-122.27523803710938,ALAMEDA,BERKELEY,-122.27519989013672,37.881290435791016
91274468,2020,2020-07-27,9370,2020-07-15,2305,022288,,3,3,6,0103,0,1,1,,2,081,"I-80 W/B TO GILMAN ST","GILMAN ST",30.00,E,N,A,-,Y,,,80,,,,R,,W,N,3,0,1,2,A,-,11,21954,A,N,G,B,E,A,H,-,D,D,0,Y,,,,Y,,N,60,0,1,0,0,1,0,0,0,0,"- ","- ",37.878318786621094,-122.30770874023438,ALAMEDA,BERKELEY,-122.30770874023438,37.878318786621094
91276703,2020,2020-07-29,9370,2020-05-29,0245,022307,,5,3,6,0103,0,1,1,,2,081,"I-80 W/B","UNIVERSITY AVE",27.00,W,N,E,-,Y,,,80,,,,,,W,Y,1,1,0,2,A,-,11,21954,A,N,G,B,E,A,H,-,D,D,0,Y,,,,Y,,N,60,0,0,0,1,0,0,0,0,0,"- ","- ",37.866920471191406,-122.30390930175781,ALAMEDA,BERKELEY,-122.30393981933594,37.866909027099609
9128444,2020,2020-08-26,0103,2020-06-03,1442,34,,3,5,6,0103,0,0,0,,0,008,TELEGRAPH,"ASHBY AV",0.00,,Y,A,-,Y,ALA,4,13,-,-,11.610,I,5,N,N,3,0,1,2,A,-,10,21950,A,N,G,B,B,A,H,-,A,A,0,Y,,,,Y,,A,01,0,1,0,0,1,0,0,0,0,"- ","- ",37.856189727783203,-122.25966644287109,ALAMEDA,BERKELEY,-122.25969696044922,37.856220245361328
9132021,2020,2020-09-12,0103,2020-06-05,1454,26,,5,5,6,0103,0,0,0,,0,001,"SHATTUCK AV","SHATTUCK AV 1444",0.00,,N,A,-,N,,,,,,,,,,N,3,0,1,2,A,-,03,22350,,N,G,B,F,A,H,-,A,A,0,Y,,,,Y,,A,01,0,1,0,0,1,0,0,0,0,"- ","- ",37.880760192871094,-122.27002716064453,ALAMEDA,BERKELEY,-122.269396,37.880555000000001
9134054,2020,2020-08-10,0103,2020-04-20,1758,10,,1,5,6,0103,0,0,0,,0,004,CENTER,"MILVIA ST",227.00,E,N,A,-,N,,,,,,,,,,N,4,0,1,2,A,-,17,21200,,F,H,G,A,A,H,-,A,D,0,,Y,,,Y,Y,A,01,0,0,1,0,0,0,1,0,0,"- ","- ",37.869960784912109,-122.26901245117188,ALAMEDA,BERKELEY,-122.269775390625,37.870067596435547
9136422,2020,2020-09-14,0103,2020-06-08,1800,1,,1,5,6,0103,0,0,0,,0,014,UNIVERSITY,"W FRONTAGE RD",0.00,,Y,A,-,N,,,,,,,,,,N,3,0,1,2,A,-,08,22107,,F,D,G,A,A,H,-,A,A,0,,Y,,,Y,,A,01,0,1,0,0,0,0,1,0,0,"- ","- ",37.866439819335938,-122.30555725097656,ALAMEDA,BERKELEY,-122.30552673339844,37.866348266601562
9136425,2020,2020-09-14,0103,2020-06-15,1823,1,,1,5,6,0103,0,0,0,,0,014,VIRGINIA,"6TH ST",0.00,,Y,A,-,N,,,,,,,,,,N,2,0,1,2,A,-,10,21950,A,N,G,B,B,A,H,-,A,A,0,Y,,,,Y,,A,01,1,0,0,0,1,0,0,0,0,"- ","- ",37.872329711914062,-122.29905700683594,ALAMEDA,BERKELEY,-122.29908752441406,37.872318267822266
9136428,2020,2020-09-14,0103,2020-06-25,1501,93,35,4,5,6,0103,0,0,0,,0,005,"DWIGHT WY","SHATTUCK AV",0.00,,Y,A,-,N,,,,,,,,,,N,2,0,1,2,A,-,10,21950,A,N,G,B,B,-,H,-,A,A,0,Y,,,,Y,,A,01,1,0,0,0,1,0,0,0,0,"- ","- ",,,ALAMEDA,BERKELEY,-122.26741027832031,37.863971710205078
9137100,2020,2020-09-28,0103,2020-07-04,1633,67,,6,5,6,0103,0,0,0,,0,008,SHATTUCK,WOOLSEY,0.00,,Y,A,-,N,,,,,,,,,,N,2,0,1,2,A,-,03,22350,,N,C,G,A,A,H,-,A,A,0,,Y,,,Y,,A,01,1,0,0,0,0,0,1,0,0,"- ","- ",37.852378845214844,-122.26612091064453,ALAMEDA,BERKELEY,-122.26615142822266,37.852359771728516