CASE_ID,ACCIDENT_YEAR,PROC_DATE,JURIS,COLLISION_DATE,COLLISION_TIME,OFFICER_ID,REPORTING_DISTRICT,DAY_OF_WEEK,CHP_SHIFT,POPULATION,CNTY_CITY_LOC,SPECIAL_COND,BEAT_TYPE,CHP_BEAT_TYPE,CITY_DIVISION_LAPD,CHP_BEAT_CLASS,BEAT_NUMBER,PRIMARY_RD,SECONDARY_RD,DISTANCE,DIRECTION,INTERSECTION,WEATHER_1,WEATHER_2,STATE_HWY_IND,CALTRANS_COUNTY,CALTRANS_DISTRICT,STATE_ROUTE,ROUTE_SUFFIX,POSTMILE_PREFIX,POSTMILE,LOCATION_TYPE,RAMP_INTERSECTION,SIDE_OF_HWY,TOW_AWAY,COLLISION_SEVERITY,NUMBER_KILLED,NUMBER_INJURED,PARTY_COUNT,PRIMARY_COLL_FACTOR,PCF_CODE_OF_VIOL,PCF_VIOL_CATEGORY,PCF_VIOLATION,PCF_VIOL_SUBSECTION,HIT_AND_RUN,TYPE_OF_COLLISION,MVIW,PED_ACTION,ROAD_SURFACE,ROAD_COND_1,ROAD_COND_2,LIGHTING,CONTROL_DEVICE,CHP_ROAD_TYPE,PEDESTRIAN_ACCIDENT,BICYCLE_ACCIDENT,MOTORCYCLE_ACCIDENT,TRUCK_ACCIDENT,NOT_PRIVATE_PROPERTY,ALCOHOL_INVOLVED,STWD_VEHTYPE_AT_FAULT,CHP_VEHTYPE_AT_FAULT,COUNT_SEVERE_INJ,COUNT_VISIBLE_INJ,COUNT_COMPLAINT_PAIN,COUNT_PED_KILLED,COUNT_PED_INJURED,COUNT_BICYCLIST_KILLED,COUNT_BICYCLIST_INJURED,COUNT_MC_KILLED,COUNT_MC_INJURED,PRIMARY_RAMP,SECONDARY_RAMP,LATITUDE,LONGITUDE,COUNTY,CITY,POINT_X,POINT_Y
9137809,2020,2020-09-17,0103,2020-07-22,1455,59,28,3,5,6,0103,0,0,0,,0,006,TELEGRAPH,"DURANT AV",132.00,S,N,A,-,N,,,,,,,,,,N,3,0,1,2,A,-,11,21955,,N,G,B,D,A,H,-,A,D,0,Y,Y,,,Y,,N,60,0,1,0,0,1,0,0,0,0,"- ","- ",37.867809295654297,-122.25897979736328,ALAMEDA,BERKELEY,-122.25894165039062,37.867450714111328
9137811,2020,2020-09-17,0103,2020-07-21,1644,32,,2,5,6,0103,0,0,0,,0,004,"MARTIN LUTHER KING JR",CENTER,0.00,,Y,A,-,N,,,,,,,,,,N,3,0,1,2,A,-,"- ",,,N,D,G,A,A,H,-,A,A,0,,Y,,,Y,,L,04,0,1,0,0,0,0,1,0,0,"- ","- ",37.86968994140625,-122.27279663085938,ALAMEDA,BERKELEY,-122.27279663085938,37.869659423828125
9137816,2020,2020-09-17,0103,2020-07-10,1918,87,29,5,5,6,0103,0,0,0,,0,005,MILVIA,CHANNING,0.00,,Y,A,-,N,,,,,,,,,,N,4,0,1,2,A,-,08,22107,,N,D,G,A,A,H,-,A,A,0,,Y,,,Y,,L,04,0,0,1,0,0,0,1,0,0,"- ","- ",37.864978790283203,-122.26978302001953,ALAMEDA,BERKELEY,-122.27005767822266,37.865451812744141
9137817,2020,2020-09-17,0103,2020-07-03,1144,6,,5,5,6,0103,0,0,0,,0,016,MONTEREY,HOPKINS,0.00,,Y,A,-,N,,,,,,,,,,N,3,0,1,2,A,-,10,21950,A,N,G,B,B,A,H,-,A,A,0,Y,,,,Y,,A,01,0,1,0,0,1,0,0,0,0,"- ","- ",37.881679534912109,-122.28192901611328,ALAMEDA,BERKELEY,-122.28193664550781,37.881679534912109
9137818,2020,2020-09-17,0103,2020-07-04,1529,153,,6,5,6,0103,0,0,0,,0,015,CEDAR,"JUANITA ST",181.00,W,N,A,-,N,,,,,,,,,,N,3,0,1,2,A,-,09,21804,A,N,D,G,A,A,H,-,A,D,0,,Y,,,Y,,L,04,0,1,0,0,0,0,1,0,0,"- ","- ",37.880809783935547,-122.29769134521484,ALAMEDA,BERKELEY,-122.28726959228516,37.876152038574219
9141262,2020,2020-12-03,0103,2020-07-26,1504,27,,7,5,6,0103,0,0,0,,0,007,"CLAREMONT PARK CT","ASHBY AV",0.00,,Y,A,-,Y,ALA,4,13,-,-,10.790,I,6,S,N,3,0,1,2,A,-,03,22350,,N,E,G,A,A,H,-,A,D,0,,Y,,,Y,,L,04,0,1,0,0,0,0,1,0,0,"- ","- ",37.857669830322266,-122.24591064453125,ALAMEDA,BERKELEY,-122.245361328125,37.858028411865234
9141274,2020,2020-11-30,0103,2020-07-20,1705,59,33,1,5,6,0103,0,0,0,,0,013,"GRAYSON ST","SAN PABLO",0.00,,Y,A,-,Y,ALA,4,123,-,-,2.220,I,5,N,N,4,0,1,2,A,-,10,21950,A,N,G,B,B,A,A,H,A,A,0,Y,,,,Y,,A,01,0,0,1,0,1,0,0,0,0,"- ","- ",37.856208801269531,-122.28797912597656,ALAMEDA,BERKELEY,-122.28794097900391,37.856231689453125
9142737,2020,2020-09-15,0103,2020-07-01,1400,112,,3,5,6,0103,0,0,0,,0,007,COLLEGE,ALCATRAZ,0.00,,Y,A,-,N,,,,,,,,,,N,2,0,1,2,A,-,10,21950,A,N,G,B,B,A,H,-,A,A,0,Y,,,,Y,,I,11,1,0,0,0,1,0,0,0,0,"- ","- ",37.851261138916016,-122.25247955322266,ALAMEDA,BERKELEY,-122.25247192382812,37.851268768310547
9144509,2020,2020-09-10,0103,2020-06-23,1131,101,,2,5,6,0103,0,0,0,,0,016,"CEDAR ST","JUANITA WY",0.00,,Y,A,-,N,,,,,,,,,,N,3,0,1,2,A,-,03,22350,,N,D,G,A,A,H,-,A,D,0,,Y,,,Y,,A,01,0,1,0,0,0,0,1,0,0,"- ","- ",,,ALAMEDA,BERKELEY,-122.28665161132812,37.876228332519531
9161229,2020,2020-10-28,0103,2020-08-23,0953,28,,7,5,6,0103,0,0,0,,0,002,"GRIZZLY PEAK BL","HILL RD",0.00,,Y,A,-,N,,,,,,,,,,N,2,0,1,2,A,-,09,21801,A,N,A,G,A,A,H,-,A,A,0,,Y,,,Y,,D,22,1,0,0,0,0,0,1,0,0,"- ","- ",37.885810852050781,-122.24922943115234,ALAMEDA,BERKELEY,-122.24922943115234,37.885818481445312
9161627,2020,2020-10-22,0103,2020-08-29,2007,153,,6,5,6,0103,0,0,0,,0,015,CEDAR,9TH,0.00,,Y,A,-,N,,,,,,,,,,N,3,0,1,2,A,-,09,21802,A,N,D,G,A,A,H,-,C,A,0,,Y,,,Y,,L,04,0,1,0,0,0,0,1,0,0,"- ","- ",37.874748229980469,-122.29637908935547,ALAMEDA,BERKELEY,-122.29637145996094,37.874748229980469
9161629,2020,2020-10-22,0103,2020-08-27,1808,120,,4,5,6,0103,0,0,0,,0,013,HEINZ,9TH,0.00,,Y,A,-,N,,,,,,,,,,N,3,0,1,2,A,-,12,22450,A,N,D,G,A,A,H,-,A,D,0,,Y,,,Y,,L,04,0,1,0,0,0,0,1,0,0,"- ","- ",37.853328704833984,-122.29029846191406,ALAMEDA,BERKELEY,-122.28968811035156,37.853931427001953
9161630,2020,2020-10-22,0103,2020-08-25,1621,32,,2,5,6,0103,0,0,0,,0,004,"CENTER ST","CENTER ST 1947",0.00,,-,A,-,N,,,,,,,,,,N,3,0,1,2,A,-,09,21804,A,N,G,B,F,A,H,-,A,A,0,Y,,,,Y,,A,01,0,1,0,0,1,0,0,0,0,"- ","- ",37.870159149169922,-122.27123260498047,ALAMEDA,BERKELEY,-122.27121,37.869880000000002
9161631,2020,2020-10-22,0103,2020-08-21,2124,58,32,5,5,6,0103,0,0,0,,0,014,10TH,"UNIVERSITY AV",0.00,,Y,A,-,N,,,,,,,,,,N,2,0,1,2,A,-,10,21950,A,F,G,B,B,A,H,-,C,D,0,Y,,,,Y,,A,01,1,0,0,0,1,0,0,0,0,"- ","- ",37.868869781494141,-122.29329681396484,ALAMEDA,BERKELEY,-122.29332733154297,37.868930816650391
9161634,2020,2020-10-22,0103,2020-08-11,1729,144,,2,5,6,0103,0,0,0,,0,009,ALCATRAZ,ELLIS,0.00,,Y,A,-,N,,,,,,,,,,N,3,0,1,2,A,-,10,21950,A,N,G,B,B,A,H,-,A,D,0,Y,,,,Y,,A,01,0,1,0,0,1,0,0,0,0,"- ","- ",,,ALAMEDA,BERKELEY,-122.27262115478516,37.848579406738281
9161636,2020,2020-10-22,0103,2020-08-08,1757,26,,6,5,6,0103,0,0,0,,0,003,UNIVERSITY,SHATTUCK,0.00,,Y,A,-,N,,,,,,,,,,N,3,0,1,2,A,-,17,22517,,N,B,G,A,-,H,-,A,A,0,,Y,,,Y,,A,01,0,1,0,0,0,0,1,0,0,"- ","- ",37.872150421142578,-122.26840972900391,ALAMEDA,BERKELEY,-122.26838684082031,37.872200012207031
9161637,2020,2020-10-22,0103,2020-08-05,1755,1,,3,5,6,0103,0,0,0,,0,014,"9TH ST","ALLSTON WY",0.00,,Y,A,-,N,,,,,,,,,,N,3,0,1,2,A,-,12,22450,A,F,D,G,A,A,H,-,A,A,0,,Y,,,Y,,-,99,0,1,0,0,0,0,1,0,0,"- ","- ",37.865928649902344,-122.29353332519531,ALAMEDA,BERKELEY,-122.29354095458984,37.865921020507812
9164040,2020,2020-11-25,0103,2020-08-26,2105,,,3,5,6,0103,0,0,0,,0,014,"SAN PABLO",BANCROFT,0.00,,Y,B,-,Y,ALA,4,123,-,-,2.830,I,5,S,N,2,0,1,2,A,-,10,21950,A,F,G,B,B,A,H,-,C,D,0,Y,,,,Y,,-,99,1,0,0,0,1,0,0,0,0,"- ","- ",37.864620208740234,-122.29067230224609,ALAMEDA,BERKELEY,-122.29082489013672,37.86474609375
91707283,2022,2022-02-23,9370,2022-02-10,1527,021866,,4,2,3,0102,0,1,1,,2,058,"I-580 W/B","BUCHANAN STREET",2750.00,W,N,A,-,Y,ALA,,580,,,47.829,H,,L,N,4,0,1,2,A,-,11,21954,A,N,G,B,E,A,H,-,A,D,0,Y,,,,Y,,N,60,0,0,1,0,1,0,0,0,0,"- ","- ",37.894691467285156,-122.30979156494141,ALAMEDA,ALBANY,-122.30988311767578,37.894660949707031
91798544,2022,2022-06-20,9370,2022-05-19,2133,022637,,4,2,6,0103,0,1,1,,2,081,"I-80 W/B","ASHBY AVE",2460.00,E,N,A,-,Y,ALA,,80,,,5.338,H,,L,N,3,0,1,2,A,-,11,21954,A,N,G,B,D,A,C,-,D,D,0,Y,,,Y,Y,,N,60,0,1,0,0,1,0,0,0,0,"- ","- ",37.8597412109375,-122.30194091796875,ALAMEDA,BERKELEY,-122.30191040039062,37.859745025634766
9180574,2020,2020-11-06,0103,2020-01-25,1409,,,6,5,6,0103,0,0,0,,0,006,FULTON,BANCROFT,0.00,,Y,A,-,N,,,,,,,,,,N,3,0,1,2,A,-,10,21950,A,F,G,B,B,B,H,-,A,A,0,Y,,,,Y,,A,01,0,1,0,0,1,0,0,0,0,"- ","- ",37.867828369140625,-122.26595306396484,ALAMEDA,BERKELEY,-122.26593017578125,37.867839813232422
91808924,2022,2022-07-01,9370,2022-06-23,1255,018499,,4,1,6,0103,0,1,1,,2,081,"I-80 E/B FROM ASHBY AVENUE","ASHBY AVE",600.00,E,N,A,-,Y,ALA,,80,,,4.695,H,,R,N,4,0,1,1,B,-,22,,,N,E,G,A,D,H,-,A,D,0,,Y,,,Y,,-,"- ",0,0,1,0,0,0,1,0,0,"- ","- ",37.850650787353516,-122.29898071289062,ALAMEDA,BERKELEY,-122.29923248291016,37.850616455078125
91812669,2021,2022-07-08,9370,2021-09-12,0141,021997,,7,3,6,0103,0,1,1,,2,081,"I-80 E/B","ASHBY AVENUE OVERCROSSING",3637.00,E,N,A,-,Y,,,80,,,,,,E,Y,1,2,2,7,C,-,18,,,N,G,B,E,A,H,-,D,D,0,Y,,,,Y,,-,"- ",0,1,1,2,1,0,0,0,0,"- ","- ",37.858848571777344,-122.30149078369141,ALAMEDA,BERKELEY,-122.30142211914062,37.858867645263672
9181519,2020,2020-12-07,0103,2020-10-29,1530,30,OAKLA,4,5,6,0103,0,0,0,,0,003,"PROSPECT CT","BANCROFT WY",176.00,N,N,A,-,N,,,,,,,,,,N,3,0,1,2,A,-,00,21954,,N,G,B,E,A,H,-,A,D,0,Y,,,,Y,,N,60,0,1,0,0,1,0,0,0,0,"- ","- ",,,ALAMEDA,BERKELEY,-122.25037384033203,37.869815826416016
9186988,2020,2020-12-26,0103,2020-10-21,1302,149,,3,5,6,0103,0,0,0,,0,014,"ADDISON ST","10TH ST",140.00,W,N,A,-,N,,,,,,,,,,N,3,0,1,3,A,-,06,21750,,F,B,G,A,-,H,-,A,D,0,,Y,,,Y,Y,D,22,0,1,0,0,0,0,1,0,0,"- ","- ",37.867740631103516,-122.29312896728516,ALAMEDA,BERKELEY,-122.29336547851562,37.86749267578125
9187000,2020,2021-01-05,0103,2020-10-26,1126,104,13,1,5,6,0103,0,0,0,,0,001,MONTEREY,COLUSA,0.00,,Y,A,-,N,,,,,,,,,,N,3,0,1,2,D,-,00,,,N,D,G,A,A,H,-,A,A,0,,Y,,,Y,,-,"- ",0,1,0,0,0,0,1,0,0,"- ","- ",37.887039184570312,-122.27881622314453,ALAMEDA,BERKELEY,-122.27912139892578,37.886878967285156
9188122,2020,2021-01-07,0103,2020-10-31,0015,73,,6,5,6,0103,0,0,0,,0,006,"CHANNING WY","FULTON ST",0.00,,Y,A,-,N,,,,,,,,,,N,3,0,1,2,A,-,10,21950,A,F,G,B,B,A,H,-,C,D,0,Y,,,,Y,,A,01,0,1,0,0,1,0,0,0,0,"- ","- ",,,ALAMEDA,BERKELEY,-122.26561737060547,37.866031646728516
9188124,2020,2021-01-07,0103,2020-10-27,0846,S5,,2,5,6,0103,0,0,0,,0,016,"6TH ST","CEDAR ST",0.00,,Y,A,-,N,,,,,,,,,,N,4,0,1,2,A,-,03,22350,,N,H,G,A,A,H,-,A,A,0,,Y,,,Y,,A,01,0,0,1,0,0,0,1,0,0,"- ","- ",,,ALAMEDA,BERKELEY,-122.29965972900391,37.874088287353516
9188128,2020,2021-01-07,0103,2020-10-17,1852,159,,6,5,6,0103,0,0,0,,0,011,"HARMON ST","SACRAMENTO AV",0.00,,Y,A,-,N,,,,,,,,,,Y,3,0,2,2,A,-,05,21650,1,N,D,G,A,-,H,-,C,D,0,,Y,Y,,Y,,L,04,0,2,0,0,0,0,1,0,1,"- ","- ",34.848819732666016,-122.27796173095703,ALAMEDA,BERKELEY,-122.27803802490234,37.848819732666016
9188130,2020,2021-01-07,0103,2020-10-15,1538,40,29,4,5,6,0103,0,0,0,,0,004,"KITTREDGE ST","SHUTTUCK AV",0.00,,Y,A,-,N,,,,,,,,,,N,3,0,1,2,A,-,10,21950,A,N,G,B,B,A,H,-,A,A,0,Y,,,,Y,,A,01,0,1,0,0,1,0,0,0,0,"- ","- ",37.868488311767578,-122.26786804199219,ALAMEDA,BERKELEY,-122.26793670654297,37.868480682373047
9188131,2020,2021-01-07,0103,2020-10-13,1910,63,40,2,5,6,0103,0,0,0,,0,009,"SACRAMENTO ST","FAIRVIEW ST",138.00,S,N,A,-,N,,,,,,,,,,N,2,0,1,2,A,-,11,21954,A,F,G,B,E,A,H,-,C,D,0,Y,,,,Y,,N,60,1,0,0,0,1,0,0,0,0,"- ","- ",,,ALAMEDA,BERKELEY,-122.27815246582031,37.849296569824219
9188136,2020,2021-01-07,0103,2020-10-01,2051,32,,4,5,6,0103,0,0,0,,0,004,"MILVIA ST","UNIVERSITY AV",0.00,,Y,A,-,N,,,,,,,,,,N,4,0,1,2,A,-,12,21453,A,N,D,G,A,A,H,-,C,A,0,,Y,,,Y,,L,04,0,0,1,0,0,0,1,0,0,"- ","- ",37.871849060058594,-122.27072143554688,ALAMEDA,BERKELEY,-122.27075958251953,37.871898651123047
9192870,2020,2020-12-22,0103,2020-10-02,0811,112,,5,5,6,0103,0,0,0,,0,011,"ASHBY AV",CALIFORNIA,0.00,,Y,A,-,Y,ALA,4,13,-,-,12.640,I,5,S,N,3,0,1,2,A,-,09,21802,A,N,D,G,A,A,H,-,A,A,0,,Y,,,Y,,A,01,0,1,0,0,0,0,1,0,0,"- ","- ",37.853549957275391,-122.27693176269531,ALAMEDA,BERKELEY,-122.27694702148438,37.853565216064453
91935081,2022,2022-12-06,9370,2022-11-10,0845,022922,,4,1,6,0103,1,4,S,,2,901,"CHANNING WAY","DANA ST",415.00,W,N,A,-,N,,,,,,,,,,N,3,0,1,2,A,-,08,22107,,N,B,G,A,A,H,-,A,D,0,,Y,,,Y,,L,04,0,1,0,0,0,0,1,0,0,"- ","- ",37.866420745849609,-122.2625732421875,ALAMEDA,BERKELEY,-122.26248931884766,37.866428375244141
9197958,2020,2021-02-03,0103,2020-11-05,1437,98,,4,5,6,0103,0,0,0,,0,011,SACRAMENTO,OREGON,0.00,,Y,A,-,N,,,,,,,,,,N,3,0,1,2,A,-,06,21951,,N,G,B,B,A,H,-,A,D,0,Y,,,,Y,,A,01,0,1,0,0,1,0,0,0,0,"- ","- ",37.856098175048828,-122.27987670898438,ALAMEDA,BERKELEY,-122.27967071533203,37.856029510498047
9201521,2020,2021-01-21,0103,2020-11-19,1630,33,,4,5,6,0103,0,0,0,,0,016,ACTON,CEDAR,0.00,,Y,A,-,N,,,,,,,,,,N,4,0,1,2,A,-,10,21950,A,F,G,B,B,A,H,-,A,A,0,Y,,,,Y,,D,22,0,0,1,0,1,0,0,0,0,"- ","- ",37.876380920410156,-122.28501129150391,ALAMEDA,BERKELEY,-122.28500366210938,37.876388549804688
9206233,2021,2021-10-07,0102,2021-01-24,1019,WS235939,2,7,5,3,0102,0,0,0,,0,001,"WASHINGTON AV","EVELYN AV",0.00,,Y,B,-,N,,,,,,,,,,N,3,0,1,2,A,-,12,22450,A,N,H,G,A,A,H,-,A,A,0,,Y,,,Y,,L,04,0,1,0,0,0,0,1,0,0,"- ","- ",37.890968322753906,-122.29460906982422,ALAMEDA,ALBANY,-122.29515075683594,37.892719268798828
9212579,2020,2021-01-27,0103,2020-11-15,1555,42,,7,5,6,0103,0,0,0,,0,014,DWIGHT,"SAN PABLO",0.00,,Y,A,-,Y,ALA,4,123,-,-,2.570,I,-,S,N,3,0,1,2,A,-,10,21950,A,N,G,B,B,A,H,-,A,A,0,Y,,,,Y,Y,A,07,0,1,0,0,1,0,0,0,0,"- ","- ",37.861091613769531,-122.28955078125,ALAMEDA,BERKELEY,-122.2896728515625,37.861122131347656
9212583,2020,2021-01-27,0103,2020-11-24,1102,85,,2,5,6,0103,0,0,0,,0,013,"SAN PABLO",ASHBY,0.00,,Y,A,-,Y,ALA,4,13,-,-,13.180,I,5,S,N,4,0,1,2,A,-,11,21950,B,N,G,B,B,A,H,-,A,A,0,Y,,,,Y,,N,60,0,0,1,0,1,0,0,0,0,"- ","- ",37.852138519287109,-122.28668212890625,ALAMEDA,BERKELEY,-122.28666687011719,37.852169036865234
9212587,2020,2021-01-27,0103,2020-11-23,1035,85,,1,5,6,0103,0,0,0,,0,008,ASHBY,SHATTUCK,0.00,,Y,A,-,Y,ALA,4,13,-,-,12.058,I,-,S,N,3,0,1,2,A,-,10,21950,A,N,G,B,B,A,H,-,A,A,0,Y,,,,Y,,A,01,0,1,0,0,1,0,0,0,0,"- ","- ",37.855300903320312,-122.26648712158203,ALAMEDA,BERKELEY,-122.26650238037109,37.855270385742188
9218261,2020,2021-02-22,0103,2020-12-31,1518,13,,4,5,6,0103,0,0,0,,0,004,"MARTIN LUTHER KING JR",ADDISON,0.00,,Y,A,-,N,,,,,,,,,,N,2,0,1,2,A,-,09,21800,A,N,D,G,A,A,H,-,A,A,0,,Y,,,Y,,A,01,1,0,0,0,0,0,1,0,0,"- ","- ",37.870578765869141,-122.27288818359375,ALAMEDA,BERKELEY,-122.27291107177734,37.870571136474609
9218263,2020,2021-02-22,0103,2020-12-26,1551,27,,6,5,6,0103,0,0,0,,0,015,6TH,CEDAR,0.00,,Y,A,-,N,,,,,,,,,,N,3,0,1,2,A,-,10,21950,A,N,G,B,B,A,H,-,-,A,0,Y,,,,Y,,A,01,0,1,0,0,1,0,0,0,0,"- ","- ",37.874088287353516,-122.29962921142578,ALAMEDA,BERKELEY,-122.29965972900391,37.874088287353516
9218265,2020,2021-02-22,0103,2020-12-22,1517,85,,2,5,6,0103,0,0,0,,0,003,UNIVERSITY,MILVIA,0.00,,Y,A,-,N,,,,,,,,,,N,2,0,1,2,A,-,10,21950,A,N,G,B,B,A,H,-,A,A,0,Y,,,,Y,,A,08,1,0,0,0,1,0,0,0,0,"- ","- ",37.871849060058594,-122.27072143554688,ALAMEDA,BERKELEY,-122.27075958251953,37.871898651123047
9218272,2020,2021-02-22,0103,2020-12-12,1306,6,,6,5,6,0103,0,0,0,,0,009,SACRAMENTO,HARMON,0.00,,Y,A,-,N,,,,,,,,,,N,3,0,1,2,A,-,08,22103,,N,H,G,A,A,H,-,A,D,0,,Y,,,Y,,L,04,0,1,0,0,0,0,1,0,0,"- ","- ",37.848819732666016,-122.27796173095703,ALAMEDA,BERKELEY,-122.27803802490234,37.848819732666016
9218273,2020,2021-02-22,0103,2020-12-13,1509,6,,7,5,6,0103,0,0,0,,0,009,ADELINE,HARMON,0.00,,Y,B,C,N,,,,,,,,,,N,3,0,1,2,A,-,12,22450,A,F,H,G,A,B,-,-,A,A,0,,Y,,,Y,,A,01,0,1,0,0,0,0,1,0,0,"- ","- ",37.849491119384766,-122.27162933349609,ALAMEDA,BERKELEY,-122.27114868164062,37.84967041015625
9218274,2020,2021-02-22,0103,2020-12-10,1239,104,,4,5,6,0103,0,0,0,,0,014,BOLIVAR,"ADDISON ST",107.00,S,N,A,-,N,,,,,,,,,,N,3,0,1,2,A,-,09,21802,A,N,A,G,A,A,H,-,A,A,0,,Y,,,Y,,A,01,0,1,0,0,0,0,1,0,0,"- ","- ",37.864551544189453,-122.30174255371094,ALAMEDA,BERKELEY,-122.30195617675781,37.865436553955078
9218276,2020,2021-02-22,0103,2020-12-09,1015,48,,3,5,6,0103,0,0,0,,0,006,FULTON,BLAKE,0.00,,Y,A,-,N,,,,,,,,,,N,3,0,1,2,A,-,00,38280,,F,G,B,E,A,C,D,A,A,0,Y,,,,Y,Y,A,01,0,1,0,0,1,0,0,0,0,"- ","- ",37.863349914550781,-122.26505279541016,ALAMEDA,BERKELEY,-122.26505279541016,37.863349914550781
9218277,2020,2021-02-22,0103,2020-12-06,1925,4,,7,5,6,0103,0,0,0,,0,004,UNIVERSITY,"MARTIN LUTHER KING JR WY",0.00,,Y,A,-,N,,,,,,,,,,N,3,0,1,2,A,-,11,21954,A,N,G,B,D,A,H,-,C,A,0,Y,,,,Y,Y,N,60,0,1,0,0,1,0,0,0,0,"- ","- ",37.871559143066406,-122.27300262451172,ALAMEDA,BERKELEY,-122.27301025390625,37.871608734130859
9218279,2020,2021-02-22,0103,2020-12-04,1500,108,,5,5,6,0103,0,0,0,,0,023,DWIGHT,10TH,0.00,,Y,A,-,N,,,,,,,,,,N,3,0,1,2,A,-,10,21950,A,N,D,B,B,A,H,-,A,D,0,Y,,,,Y,,A,01,0,1,0,0,1,0,0,0,0,"- ","- ",37.860858917236328,-122.29070281982422,ALAMEDA,BERKELEY,-122.29071044921875,37.860870361328125
9218280,2020,2021-02-22,0103,2020-12-02,1238,112,,3,5,6,0103,0,0,0,,0,006,BANCROFT,ELLSWORTH,0.00,,Y,A,-,N,,,,,,,,,,N,4,0,1,2,A,-,10,21950,A,N,G,B,B,A,H,-,A,A,0,Y,,,,Y,,A,01,0,0,1,0,1,0,0,0,0,"- ","- ",37.868141174316406,-122.26373291015625,ALAMEDA,BERKELEY,-122.26374816894531,37.868171691894531
9218815,2020,2021-03-30,0103,2020-10-19,1224,S25,12,1,5,6,0103,0,0,0,,0,001,SPRUCE,"NORTH HAMPTON",0.00,,Y,A,-,N,,,,,,,,,,N,3,0,1,2,A,-,10,21950,A,N,G,B,B,A,H,-,A,D,0,Y,,,,Y,,D,22,0,1,0,0,1,0,0,0,0,"- ","- ",,,ALAMEDA,BERKELEY,-122.271124,37.899773000000003
9221300,2020,2021-02-26,0103,2020-12-15,1744,61,38,2,5,6,0103,0,0,0,,0,008,"ASHBY AV","BENVENUE AV",13.00,E,N,A,-,Y,ALA,4,13,-,-,11.300,I,5,S,Y,3,0,1,2,A,-,10,21950,A,N,G,B,B,A,H,-,C,D,0,Y,,,,Y,,A,01,0,1,0,0,1,0,0,0,0,"- ","- ",37.856719970703125,-122.25395965576172,ALAMEDA,BERKELEY,-122.25425720214844,37.85687255859375
9221343,2020,2021-02-24,0103,2020-12-05,1648,98,38,6,5,6,0103,0,0,0,,0,007,"COLLEGE AV","WEBSTER  ST",0.00,,Y,A,-,N,,,,,,,,,,N,3,0,1,2,A,-,08,22107,,N,H,G,A,A,H,-,B,A,0,,Y,,,Y,,A,01,0,1,0,0,0,0,1,0,0,"- ","- ",37.856250762939453,-122.25272369384766,ALAMEDA,BERKELEY,-122.25296020507812,37.856060028076172
9221355,2020,2021-02-26,0103,2020-12-18,1724,6,,5,5,6,0103,0,0,0,,0,015,"SAN PABLO AV","HARRISON ST",0.00,,Y,A,-,Y,ALA,4,123,-,-,4.110,I,5,N,N,3,0,1,2,A,-,01,23153,A,N,G,B,B,A,H,-,C,A,0,Y,,,,Y,Y,A,01,0,1,0,0,1,0,0,0,0,"- ","- ",37.882259368896484,-122.29638671875,ALAMEDA,BERKELEY,-122.29637908935547,37.882282257080078
9222351,2021,2021-03-12,0103,2021-01-23,1540,86,,6,5,6,0103,0,0,0,,0,008,SHATTUCK,"ASHBY AV",0.00,,Y,A,-,Y,ALA,4,13,-,-,12.058,I,5,N,N,3,0,1,2,A,-,08,22107,,F,D,G,A,A,H,-,A,D,0,,Y,,,Y,,A,01,0,1,0,0,0,0,1,0,0,"- ","- ",37.855300903320312,-122.26648712158203,ALAMEDA,BERKELEY,-122.26651000976562,37.855342864990234
9224915,2021,2021-03-08,0103,2021-01-14,1614,30,,4,5,6,0103,0,0,0,,0,002,HILGARD,EUCLID,0.00,,Y,A,-,N,,,,,,,,,,N,4,0,1,2,A,-,09,21802,A,N,D,G,A,A,H,-,A,A,0,,Y,,,Y,,I,11,0,0,1,0,0,0,1,0,0,"- ","- ",37.878631591796875,-122.26087188720703,ALAMEDA,BERKELEY,-122.26087188720703,37.878631591796875
9230808,2020,2021-02-23,0103,2020-12-17,2136,4,,4,5,6,0103,0,0,0,,0,005,FULTON,CARELTON,0.00,,Y,A,-,N,,,,,,,,,,N,3,0,1,2,A,-,14,21201,D,N,D,G,A,A,H,-,C,D,0,,Y,,,Y,,L,04,0,1,0,0,0,0,1,0,0,"- ","- ",37.861568450927734,-122.26467895507812,ALAMEDA,BERKELEY,-122.26467895507812,37.861568450927734
9231968,2021,2021-05-03,0103,2021-03-19,1015,86,,5,5,6,0103,0,0,0,,0,008,ASHBY,"COLLEGE AV",0.00,,Y,A,-,Y,ALA,4,13,-,-,11.230,I,5,N,N,3,0,1,2,A,-,10,21950,A,N,G,B,B,A,H,-,A,A,0,Y,,,,Y,,A,01,0,1,0,0,1,0,0,0,0,"- ","- ",37.856189727783203,-122.25966644287109,ALAMEDA,BERKELEY,-122.25307464599609,37.857082366943359