CASE_ID,ACCIDENT_YEAR,PROC_DATE,JURIS,COLLISION_DATE,COLLISION_TIME,OFFICER_ID,REPORTING_DISTRICT,DAY_OF_WEEK,CHP_SHIFT,POPULATION,CNTY_CITY_LOC,SPECIAL_COND,BEAT_TYPE,CHP_BEAT_TYPE,CITY_DIVISION_LAPD,CHP_BEAT_CLASS,BEAT_NUMBER,PRIMARY_RD,SECONDARY_RD,DISTANCE,DIRECTION,INTERSECTION,WEATHER_1,WEATHER_2,STATE_HWY_IND,CALTRANS_COUNTY,CALTRANS_DISTRICT,STATE_ROUTE,ROUTE_SUFFIX,POSTMILE_PREFIX,POSTMILE,LOCATION_TYPE,RAMP_INTERSECTION,SIDE_OF_HWY,TOW_AWAY,COLLISION_SEVERITY,NUMBER_KILLED,NUMBER_INJURED,PARTY_COUNT,PRIMARY_COLL_FACTOR,PCF_CODE_OF_VIOL,PCF_VIOL_CATEGORY,PCF_VIOLATION,PCF_VIOL_SUBSECTION,HIT_AND_RUN,TYPE_OF_COLLISION,MVIW,PED_ACTION,ROAD_SURFACE,ROAD_COND_1,ROAD_COND_2,LIGHTING,CONTROL_DEVICE,CHP_ROAD_TYPE,PEDESTRIAN_ACCIDENT,BICYCLE_ACCIDENT,MOTORCYCLE_ACCIDENT,TRUCK_ACCIDENT,NOT_PRIVATE_PROPERTY,ALCOHOL_INVOLVED,STWD_VEHTYPE_AT_FAULT,CHP_VEHTYPE_AT_FAULT,COUNT_SEVERE_INJ,COUNT_VISIBLE_INJ,COUNT_COMPLAINT_PAIN,COUNT_PED_KILLED,COUNT_PED_INJURED,COUNT_BICYCLIST_KILLED,COUNT_BICYCLIST_INJURED,COUNT_MC_KILLED,COUNT_MC_INJURED,PRIMARY_RAMP,SECONDARY_RAMP,LATITUDE,LONGITUDE,COUNTY,CITY,POINT_X,POINT_Y
9231969,2021,2021-05-03,0103,2021-03-17,1340,112,,3,5,6,0103,0,0,0,,0,007,"RT 13","DOMINGO AV",0.00,,Y,A,-,Y,ALA,4,13,-,-,10.690,I,5,S,N,3,0,1,2,A,-,10,21950,A,N,G,B,B,A,H,-,A,A,0,Y,,,,Y,,A,01,0,1,0,0,1,0,0,0,0,"- ","- ",37.858081817626953,-122.24385833740234,ALAMEDA,BERKELEY,-122.24384307861328,37.858016967773438
9234470,2021,2021-03-16,0103,2021-01-05,1712,S19,,2,5,6,0103,0,0,0,,0,003,UNIVERSITY,"MLK JR",0.00,,Y,A,-,N,,,,,,,,,,N,3,0,1,2,A,-,03,22350,,N,C,G,A,A,H,-,C,A,0,,Y,,,Y,,L,04,0,1,0,0,0,0,1,0,0,"- ","- ",37.871559143066406,-122.27300262451172,ALAMEDA,BERKELEY,-122.27300262451172,37.871524810791016
9234471,2021,2021-03-16,0103,2021-01-07,1600,119,21,4,5,6,0103,0,0,0,,0,014,8TH,UNIVERSITY,0.00,,Y,A,-,N,,,,,,,,,,N,3,0,1,2,A,-,10,21950,A,F,G,B,B,A,H,-,A,D,0,Y,,,,Y,,A,01,0,1,0,0,1,0,0,0,0,"- ","- ",37.868419647216797,-122.29551696777344,ALAMEDA,BERKELEY,-122.29553985595703,37.868473052978516
9234472,2021,2021-03-16,0103,2021-01-08,1702,108,,5,5,6,0103,0,0,0,,0,013,BANCROFT,9TH,0.00,,Y,A,-,N,,,,,,,,,,N,3,0,1,2,A,-,09,21802,A,N,D,G,A,A,H,-,A,A,0,,Y,,,Y,,A,01,0,1,0,0,0,0,1,0,0,"- ","- ",37.864158630371094,-122.29295349121094,ALAMEDA,BERKELEY,-122.29296875,37.864143371582031
9234474,2021,2021-03-16,0103,2021-01-14,1000,112,,4,5,6,0103,0,0,0,,0,014,BOLIVAR,ADDISON,0.00,,Y,A,-,N,,,,,,,,,,N,2,0,2,2,A,-,03,22350,,N,A,G,A,A,H,-,A,A,0,,Y,,,Y,,L,04,1,1,0,0,0,0,2,0,0,"- ","- ",37.865718841552734,-122.30210876464844,ALAMEDA,BERKELEY,-122.30208587646484,37.865707397460938
9234478,2021,2021-03-16,0103,2021-01-18,0941,85,,1,5,6,0103,0,0,0,,0,006,PARKER,SHATTUCK,0.00,,Y,A,-,N,,,,,,,,,,N,3,0,1,2,A,-,03,22350,,N,D,G,A,A,H,-,A,A,0,,Y,,,Y,,A,01,0,1,0,0,0,0,1,0,0,"- ","- ",37.862159729003906,-122.26715087890625,ALAMEDA,BERKELEY,-122.2672119140625,37.862152099609375
9240873,2021,2021-03-29,0103,2021-02-02,1412,85,,2,5,6,0103,0,0,0,,0,001,"ROSE AV","MLK  JR",0.00,,Y,A,-,N,,,,,,,,,,N,3,0,1,2,A,-,03,22350,,N,C,G,A,A,H,-,A,A,0,,Y,,,Y,,L,04,0,1,0,0,0,0,1,0,0,"- ","- ",37.879631042480469,-122.27388763427734,ALAMEDA,BERKELEY,-122.27410125732422,37.881439208984375
9240976,2021,2021-03-29,0103,2021-02-27,2157,27,,6,5,6,0103,0,0,0,,0,003,"MARTIN LUTHER KING JR WY","FRANCISCO LN",0.00,,Y,A,-,N,,,,,,,,,,N,3,0,1,2,A,-,10,21950,A,F,G,B,B,A,H,-,D,D,0,Y,,,,Y,,A,01,0,1,0,0,1,0,0,0,0,"- ","- ",37.875331878662109,-122.22731781005859,ALAMEDA,BERKELEY,-122.27340698242188,37.875114440917969
9240980,2021,2021-03-29,0103,2021-02-20,1058,6,,6,5,6,0103,0,0,0,,0,015,"FRONTAGE RD",GILMAN,0.00,,Y,A,-,N,,,,,,,,,,N,3,0,1,2,A,-,09,21804,A,N,B,G,A,A,H,-,A,A,0,,Y,,,Y,,L,04,0,1,0,0,0,0,1,0,0,"- ","- ",37.878009796142578,-122.30796051025391,ALAMEDA,BERKELEY,-122.30793762207031,37.878013610839844
9240981,2021,2021-04-02,0103,2021-02-16,1853,61,32,2,5,6,0103,0,0,0,,0,014,"UNIVERSITY AV","10TH ST",10.00,E,N,A,-,N,,,,,,,,,,N,3,0,1,2,A,-,10,21950,A,N,G,B,B,-,H,-,C,D,0,Y,,,,Y,,A,01,0,1,0,0,1,0,0,0,0,"- ","- ",37.868869781494141,-122.29329681396484,ALAMEDA,BERKELEY,-122.29329681396484,37.868934631347656
9240983,2021,2021-04-02,0103,2021-02-07,1540,88,,7,5,6,0103,0,0,0,,0,015,"GILMAN ST","7TH ST",0.00,,Y,A,-,N,,,,,,,,,,Y,3,0,1,2,A,-,09,21801,A,F,B,G,A,A,H,-,A,D,0,,Y,,,Y,,A,01,0,1,0,0,0,0,1,0,0,"- ","- ",37.879581451416016,-122.30026245117188,ALAMEDA,BERKELEY,-122.30027008056641,37.879585266113281
9240984,2021,2021-04-02,0103,2021-02-03,1233,112,,3,5,6,0103,0,0,0,,0,010,"STANFORD AV","ADELINE AV",0.00,,Y,A,-,N,,,,,,,,,,N,2,0,1,2,A,-,08,22107,,N,D,G,A,A,H,-,A,A,0,,Y,,,Y,,L,04,1,0,0,0,0,0,1,0,0,"- ","- ",37.846549987792969,-122.27203369140625,ALAMEDA,BERKELEY,-122.27252960205078,37.846736907958984
9244884,2021,2021-04-05,0103,2021-01-20,1717,122,,3,5,6,0103,0,0,0,,0,001,"MARIN AV","MARIN CIR",0.00,,Y,A,-,N,,,,,,,,,,N,3,0,1,2,A,-,09,21802,A,N,D,G,A,A,H,-,B,A,0,,Y,,,Y,,A,01,0,1,0,0,0,0,1,0,0,"- ","- ",37.890178680419922,-122.27239227294922,ALAMEDA,BERKELEY,-122.27238699999999,37.890118999999999
9250578,2021,2021-04-29,0103,2021-03-31,0746,112,,3,5,6,0103,0,0,0,,0,012,BANCROFT,"BONAR ST",0.00,,Y,A,-,N,,,,,,,,,,N,3,0,1,2,A,-,12,22450,A,N,D,G,A,A,H,-,A,A,0,,Y,,,Y,,L,04,0,1,0,0,0,0,1,0,0,"- ","- ",37.865161895751953,-122.28656005859375,ALAMEDA,BERKELEY,-122.28656768798828,37.865161895751953
9250581,2021,2021-04-29,0103,2021-03-26,1608,112,,5,5,6,0103,0,0,0,,0,002,CEDAR,SHATTUCK,0.00,,Y,A,-,N,,,,,,,,,,N,2,0,1,2,A,-,10,21950,A,N,G,B,B,A,H,-,A,A,0,Y,,,,Y,,A,01,1,0,0,0,1,0,0,0,0,"- ","- ",37.878421783447266,-122.26909637451172,ALAMEDA,BERKELEY,-122.26914215087891,37.878406524658203
9250585,2021,2021-04-28,0103,2021-03-23,1802,33,,2,5,6,0103,0,0,0,,0,005,SACRAMENTO,"DWIGHT WY",39.00,S,N,A,-,N,,,,,,,,,,N,3,0,1,2,A,-,08,22107,,F,G,B,F,A,H,-,A,D,0,Y,,,,Y,,A,01,0,1,0,0,1,0,0,0,0,"- ","- ",37.862201690673828,-122.28108978271484,ALAMEDA,BERKELEY,-122.28115844726562,37.862083435058594
9250587,2021,2021-04-28,0103,2021-03-22,2240,61,28,1,5,6,0103,0,0,0,,0,006,BANCROFT,ELLSWORTH,0.00,,Y,A,-,N,,,,,,,,,,N,3,0,1,2,A,-,12,22450,A,F,D,G,A,A,H,-,C,A,0,,Y,,,Y,,A,01,0,1,0,0,0,0,1,0,0,"- ","- ",37.868141174316406,-122.26373291015625,ALAMEDA,BERKELEY,-122.26374816894531,37.868167877197266
9250590,2021,2021-04-28,0103,2021-03-21,2050,88,20,7,5,6,0103,0,0,0,,0,014,"WEST FRONTAGE","UNIVERSITY AV",528.00,S,N,A,-,N,,,,,,,,,,Y,2,0,1,2,A,-,01,23153,F,N,G,B,F,A,H,-,D,D,0,Y,,,,Y,Y,A,01,1,0,0,0,1,0,0,0,0,"- ","- ",37.866100311279297,-122.03569030761719,ALAMEDA,BERKELEY,-122.30443572998047,37.865257263183594
9250594,2021,2021-04-29,0103,2021-03-16,1359,104,32,2,5,6,0103,0,0,0,,0,013,9TH,CHANNING,0.00,,Y,A,-,N,,,,,,,,,,N,2,0,1,2,A,-,03,22350,,N,C,G,A,A,H,-,A,A,0,,Y,,,Y,,A,01,1,0,0,0,0,0,1,0,0,"- ","- ",37.862400054931641,-122.29238128662109,ALAMEDA,BERKELEY,-122.29240417480469,37.862396240234375
9250598,2021,2021-04-28,0103,2021-03-12,1102,2,,5,5,6,0103,0,0,0,,0,004,CENTER,"MILVIA ST",9.00,E,N,A,-,N,,,,,,,,,,N,3,0,1,2,A,-,10,21950,A,N,G,B,B,A,H,-,A,A,0,Y,,,,Y,,A,07,0,1,0,0,1,0,0,0,0,"- ","- ",37.869979858398438,-122.27055358886719,ALAMEDA,BERKELEY,-122.27051544189453,37.869964599609375
9250815,2021,2021-05-06,0103,2021-03-15,1134,112,,1,5,6,0103,0,0,0,,0,016,"RT 123","UNIVERSITY AV",200.00,N,N,A,-,N,,,123,,,,,,,N,3,0,1,2,A,-,05,21650,1,N,D,G,A,A,H,-,A,A,0,,Y,,,Y,,L,04,0,1,0,0,0,0,1,0,0,"- ","- ",37.869098663330078,-122.29212188720703,ALAMEDA,BERKELEY,-122.29210662841797,37.869106292724609
9277039,2021,2021-06-09,0103,2021-04-19,1800,61,35,1,5,6,0103,0,0,0,,0,005,"MILVIA ST","PARKER ST",0.00,,Y,A,-,N,,,,,,,,,,N,3,0,1,2,A,-,09,21800,A,F,D,G,A,A,H,-,A,A,0,,Y,,,Y,,B,01,0,1,0,0,0,0,1,0,0,"- ","- ",37.861831665039062,-122.26962280273438,ALAMEDA,BERKELEY,-122.26966094970703,37.861812591552734
9277048,2021,2021-06-07,0103,2021-04-05,1920,83,23,1,5,6,0103,0,0,0,,0,003,"CALIFORNIA ST","CEDAR ST",0.00,,Y,B,-,N,,,,,,,,,,N,3,0,1,2,A,-,12,22450,A,F,D,G,A,A,H,-,B,A,0,,Y,,,Y,,A,01,0,1,0,0,0,0,1,0,0,"- ","- ",37.876949310302734,-122.28047180175781,ALAMEDA,BERKELEY,-122.28046417236328,37.876949310302734
9283489,2020,2021-07-12,0102,2020-01-28,2100,DW190456,3,2,5,3,0102,0,0,0,,0,001,"KEY ROUTE",WASHINGTON,0.00,,Y,A,-,N,,,,,,,,,,N,3,0,1,3,A,-,10,21950,A,N,G,B,B,A,H,-,C,D,0,Y,,,,Y,Y,-,,0,1,0,0,1,0,0,0,0,"- ","- ",37.890720367431641,-122.29287719726562,ALAMEDA,ALBANY,-122.29305267333984,37.892848968505859
9283517,2020,2021-07-13,0102,2020-06-27,1202,JK0605,1,6,5,3,0102,0,0,0,,0,001,JACKSON,WASHINGTON,0.00,,Y,A,-,N,,,,,,,,,,N,3,0,1,2,A,-,12,22450,A,N,H,G,A,A,H,-,A,A,0,,Y,,,Y,,L,04,0,1,0,0,0,0,1,0,0,"- ","- ",37.89031982421875,-122.30175018310547,ALAMEDA,ALBANY,-122.30220031738281,37.891811370849609
9286166,2020,2021-07-15,0102,2020-06-18,1655,P00623,1,4,5,3,0102,0,0,0,,0,001,"SAN PABLO AV","CASTRO ST",128.00,S,N,A,-,Y,ALA,4,123,-,-,4.900,H,-,S,N,3,0,1,2,A,-,06,21760,B,N,H,G,A,A,H,-,A,D,0,,Y,,,Y,,A,01,0,1,0,0,0,0,1,0,0,"- ","- ",37.893550872802734,-122.30040740966797,ALAMEDA,ALBANY,-122.30022430419922,37.893852233886719
9286174,2020,2021-07-16,0102,2020-10-30,1625,DL0626,2,5,5,3,0102,0,0,0,,0,001,"SAN PABLO",BRIGHTON,0.00,,Y,A,-,Y,ALA,4,123,-,-,5.090,I,5,N,N,4,0,1,2,A,-,10,21950,,N,A,B,B,A,H,-,A,A,0,Y,,,,Y,,A,01,0,0,1,0,1,0,0,0,0,"- ","- ",37.896751403808594,-122.30095672607422,ALAMEDA,ALBANY,-122.30099487304688,37.896732330322266
9286182,2020,2021-07-16,0102,2020-10-26,1713,TP237998,1,1,5,3,0102,0,0,0,,0,001,"SAN PABLO","PORTLAND AV",0.00,,Y,A,-,Y,ALA,4,123,-,-,4.870,I,5,S,N,3,0,1,2,A,-,10,21950,A,N,A,B,B,A,H,-,A,D,0,Y,,,,Y,,-,99,0,1,0,0,1,0,0,0,0,"- ","- ",,,ALAMEDA,ALBANY,-122.30005645751953,37.893341064453125
9286310,2021,2021-07-15,0103,2021-05-20,2127,46,,4,5,6,0103,0,0,0,,0,011,"RT 123","ASH CT",0.00,,Y,A,-,Y,ALA,4,13,-,-,13.180,I,5,S,N,3,0,2,3,A,-,10,21950,A,N,G,B,B,A,H,-,C,A,0,Y,,,,Y,,A,01,0,2,0,0,2,0,0,0,0,"- ","- ",37.852138519287109,-122.28668212890625,ALAMEDA,BERKELEY,-122.28666687011719,37.852169036865234
9286318,2021,2021-07-15,0103,2021-05-26,2141,83,35,3,5,6,0103,0,0,0,,0,009,"RT 13","MARTIN LUTHER KING",0.00,,Y,A,-,Y,ALA,4,13,-,-,12.320,I,5,N,N,3,0,1,2,A,-,11,21954,A,N,G,B,E,A,H,-,C,A,0,Y,,,,Y,Y,N,60,0,1,0,0,1,0,0,0,0,"- ","- ",37.854320526123047,-122.27108001708984,ALAMEDA,BERKELEY,-122.27107238769531,37.854290008544922
9286708,2021,2021-08-12,0103,2021-06-11,1113,93,29,5,5,6,0103,0,0,0,,0,004,"MILVIA ST","CENTER ST",0.00,,Y,A,-,N,,,,,,,,,,N,3,0,1,2,A,-,09,21801,A,N,D,G,A,A,H,-,A,A,0,,Y,,,Y,,A,01,0,1,0,0,0,0,1,0,0,"- ","- ",,,ALAMEDA,BERKELEY,-122.27054595947266,37.869956970214844
9286710,2021,2021-08-12,0103,2021-06-07,1809,104,191,1,5,6,0103,0,0,0,,0,006,"HOPKINS ST",PERALTA,0.00,,Y,A,-,N,,,,,,,,,,N,2,0,1,2,A,-,10,21950,A,N,G,B,D,A,G,-,A,A,0,Y,,,,Y,,A,01,1,0,0,0,1,0,0,0,0,"- ","- ",37.877948760986328,-122.28890991210938,ALAMEDA,BERKELEY,-122.28887939453125,37.877975463867188
9286713,2021,2021-08-12,0103,2021-06-03,1130,28,,4,5,6,0103,0,0,0,,0,002,"ROSE ST","SPRUCE ST",0.00,,Y,A,-,N,,,,,,,,,,N,4,0,1,2,A,-,08,22107,,M,G,B,E,A,H,-,A,A,0,Y,,,,Y,Y,A,01,0,0,1,0,1,0,0,0,0,"- ","- ",37.882190704345703,-122.26698303222656,ALAMEDA,BERKELEY,-122.26615905761719,37.882476806640625
9288127,2021,2021-07-07,0102,2021-04-22,1723,JL0614,3,4,5,3,0102,0,0,0,,0,003,SOLANO,"STANNAGE AV",0.00,,Y,A,-,N,,,,,,,,,,N,3,0,1,2,A,-,09,21800,A,N,D,G,A,A,H,-,A,A,0,,Y,,,Y,,L,04,0,1,0,0,0,0,1,0,0,"- ","- ",37.890380859375,-122.29709625244141,ALAMEDA,ALBANY,-122.297119140625,37.890369415283203
9288249,2021,2021-07-20,0102,2021-01-06,1150,PO0623,5,3,5,3,0102,0,0,0,,0,002,"SAN PABLO AV","MARIN AV",0.00,,Y,B,-,Y,ALA,4,123,-,-,4.430,I,5,N,N,3,0,1,2,A,-,08,22107,,M,H,G,A,A,H,-,A,A,0,,Y,,,Y,,D,22,0,1,0,0,0,0,1,0,0,"- ","- ",37.88677978515625,-122.29776000976562,ALAMEDA,ALBANY,-122.29779815673828,37.886726379394531
9288274,2021,2021-07-15,0103,2021-05-03,1905,27,,1,5,6,0103,0,0,0,,0,012,"ACTON ST","CHANNING WY",0.00,,Y,A,-,N,,,,,,,,,,N,3,0,1,2,A,-,03,22350,,F,B,G,A,A,-,-,A,A,0,,Y,,,Y,,D,22,0,1,0,0,0,0,1,0,0,"- ","- ",37.863750457763672,-122.28324890136719,ALAMEDA,BERKELEY,-122.28326416015625,37.863746643066406
9288405,2021,2021-07-14,0103,2021-05-14,1358,26,,5,5,6,0103,0,0,0,,0,015,GILMAN,10TH,0.00,,Y,A,-,N,,,,,,,,,,N,3,0,1,2,A,-,10,21950,A,N,G,B,B,A,A,H,A,A,0,Y,,,,Y,,A,01,0,1,0,0,1,0,0,0,0,"- ","- ",,,ALAMEDA,BERKELEY,-122.29696655273438,37.880252838134766
9288408,2021,2021-07-14,0103,2021-05-07,1620,26,,5,5,6,0103,0,0,0,,0,016,ROSE,JUANITA,0.00,,Y,A,-,N,,,,,,,,,,N,3,0,2,2,A,-,08,22107,,N,D,G,A,A,H,-,A,A,0,,Y,,,Y,,L,04,0,2,0,0,0,0,2,0,0,"- ","- ",37.877609252929688,-122.28652191162109,ALAMEDA,BERKELEY,-122.28652191162109,37.877616882324219
9288435,2021,2021-07-14,0103,2021-05-22,1021,2,,6,5,6,0103,0,0,0,,0,001,MARIN,"COLUSA AV",90.00,W,N,A,-,N,,,,,,,,,,N,3,0,1,2,A,-,21,22106,,N,G,B,F,A,H,-,A,D,0,Y,,,,Y,,A,07,0,1,0,0,1,0,0,0,0,"- ","- ",37.889980316162109,-122.27932739257812,ALAMEDA,BERKELEY,-122.27916717529297,37.889659881591797
9291354,2021,2021-07-30,0102,2021-03-23,1645,DH0611,4,2,5,3,0102,0,0,0,,0,002,MARIN,CARMEL,0.00,,Y,A,-,N,,,,,,,,,,N,3,0,1,2,A,-,08,22107,,N,D,G,A,A,H,-,A,D,0,,Y,,,Y,,A,01,0,1,0,0,0,0,1,0,0,"- ","- ",37.890670776367188,-122.29192352294922,ALAMEDA,ALBANY,-122.2890625,37.888469696044922
9291860,2020,2021-07-13,0102,2020-08-25,1704,PO0623,5,2,5,3,0102,0,0,0,,0,002,"MARIN AV","KAINS AV",0.00,,Y,A,-,N,,,,,,,,,,N,3,0,1,2,A,-,05,21650,1,F,H,G,A,A,H,-,A,D,0,,Y,,,Y,Y,L,04,0,1,0,0,0,0,1,0,0,"- ","- ",37.886928558349609,-122.29689025878906,ALAMEDA,ALBANY,-122.29689025878906,37.88690185546875
9291867,2020,2021-07-12,0102,2020-12-27,1044,TP237998,2,7,5,3,0102,0,0,0,,0,001,"MASONIC AV",SOLANO,4.00,E,N,A,-,N,,,,,,,,,,N,3,0,1,2,A,-,12,21453,,N,A,G,A,A,H,-,A,A,0,,Y,,,Y,,A,01,0,1,0,0,0,0,1,0,0,"- ","- ",37.890579223632812,-122.2935791015625,ALAMEDA,ALBANY,-122.2935791015625,37.890560150146484
9291892,2020,2021-07-14,0102,2020-10-15,2044,JR0612,5,4,5,3,0102,0,0,0,,0,002,"MARIN AV","MASONIC AV",0.00,,Y,A,-,N,,,,,,,,,,N,3,0,1,2,A,-,09,21801,A,N,H,G,A,A,H,-,C,A,0,,Y,,,Y,,L,04,0,1,0,0,0,0,1,0,0,"- ","- ",37.887741088867188,-122.29266357421875,ALAMEDA,ALBANY,-122.29264068603516,37.887748718261719
9291912,2020,2021-07-14,0102,2020-11-12,1807,LL0615,5,4,5,3,0102,0,0,0,,0,002,SOLANO,"LIGHT STANDARD #1102534",63.00,N,N,A,-,N,,,,,,,,,,N,3,0,1,2,A,-,10,21950,A,N,G,B,B,A,H,-,C,D,0,Y,,,,Y,,A,01,0,1,0,0,1,0,0,0,0,"- ","- ",37.890178680419922,-122.29808807373047,ALAMEDA,ALBANY,,
9293364,2021,2021-08-04,0102,2021-02-25,1201,JL0614,5,4,5,3,0102,0,0,0,,0,002,PIERCE,BUCHANAN,0.00,,Y,A,-,N,,,,,,,,,,N,3,0,1,2,A,-,10,21950,A,N,G,B,B,A,H,-,A,A,0,Y,,,,Y,,A,01,0,1,0,0,1,0,0,0,0,"- ","- ",,,ALAMEDA,ALBANY,-122.30531311035156,37.887516021728516
9294172,2021,2021-07-28,0103,2021-06-18,1601,76,19,5,5,6,0103,0,0,0,,0,016,GILMAN,"EVELYN ST",59.00,E,N,A,-,N,,,,,,,,,,N,4,0,1,2,A,-,08,22107,,F,B,G,A,A,H,-,A,D,0,,Y,,,Y,,A,01,0,0,1,0,0,0,1,0,0,"- ","- ",,,ALAMEDA,BERKELEY,-122.29132080078125,37.881401062011719
9294175,2021,2021-07-28,0103,2021-06-17,1142,26,,4,5,6,0103,0,0,0,,0,003,MCGEE,VIRGINIA,0.00,,Y,A,-,N,,,,,,,,,,N,2,0,1,2,A,-,08,22107,,N,H,G,A,A,H,-,A,A,0,,Y,,,Y,,L,04,1,0,0,0,0,0,1,0,0,"- ","- ",37.875438690185547,-122.27802276611328,ALAMEDA,BERKELEY,-122.27799987792969,37.87542724609375
9294177,2021,2021-07-27,0103,2021-06-17,0759,S29,32,4,5,6,0103,0,0,0,,0,014,6TH,ALLSTON,0.00,,Y,A,-,N,,,,,,,,,,N,3,0,1,2,A,-,10,21950,A,N,G,B,B,A,H,-,A,A,0,Y,,,,Y,,A,01,0,1,0,0,1,0,0,0,0,"- ","- ",,,ALAMEDA,BERKELEY,-122.29679107666016,37.865257263183594
9294178,2021,2021-07-27,0103,2021-06-16,0900,112,,3,5,6,0103,0,0,0,,0,010,WARD,GRANT,0.00,,Y,A,-,N,,,,,,,,,,N,3,0,1,2,A,-,12,22450,A,N,A,G,A,A,H,-,A,A,0,,Y,,,Y,,A,01,0,1,0,0,0,0,1,0,0,"- ","- ",37.858638763427734,-122.27335357666016,ALAMEDA,BERKELEY,-122.27335357666016,37.858654022216797
9303651,2021,2021-09-10,0102,2021-07-16,1030,JB243902,5,5,5,3,0102,0,0,0,,0,002,MASONIC,MARIN,0.00,,Y,A,-,N,,,,,,,,,,N,2,0,1,2,D,-,00,,,N,G,B,B,A,H,-,A,A,0,Y,,,,Y,,-,"- ",1,0,0,0,1,0,0,0,0,"- ","- ",37.887741088867188,-122.29266357421875,ALAMEDA,ALBANY,-122.29264068603516,37.887748718261719
9312256,2021,2021-09-09,0103,2021-07-26,2154,S6,,1,5,6,0103,0,0,0,,0,008,TELEGRAPH,"RT 13",0.00,,Y,A,-,Y,,,,,,,,,,N,3,0,1,2,A,-,10,21950,A,N,G,B,B,A,H,-,C,A,0,Y,,,,Y,,A,01,0,1,0,0,1,0,0,0,0,"- ","- ",37.855930328369141,-122.25939178466797,ALAMEDA,BERKELEY,-122.25977325439453,37.856197357177734
9312314,2021,2021-09-07,0103,2021-07-06,1924,155,,2,5,6,0103,0,0,0,,0,015,GILMAN,"RT 80",0.00,,Y,A,-,Y,ALA,4,80,-,-,6.790,R,3,E,N,3,0,1,2,A,-,10,21950,A,N,G,B,B,A,H,-,A,D,0,Y,,,,Y,,A,01,0,1,0,0,1,0,0,0,0,"- ",EO,37.878299713134766,-122.30657196044922,ALAMEDA,BERKELEY,-122.30771636962891,37.880252838134766
9312315,2021,2021-09-07,0103,2021-07-13,1805,33,,2,5,6,0103,0,0,0,,0,012,"SAN PABLO",ADDISON,0.00,,Y,B,-,Y,ALA,4,123,-,-,3.080,I,6,S,N,3,0,1,2,A,-,12,22450,A,F,B,G,A,A,H,-,A,A,0,,Y,,,Y,,A,01,0,1,0,0,0,0,1,0,0,"- ","- ",37.868148803710938,-122.29180908203125,ALAMEDA,BERKELEY,-122.29193115234375,37.868141174316406
9317480,2021,2021-09-09,0103,2021-07-16,2035,88,20,5,5,6,0103,0,0,0,,0,014,4TH,"ADDISON ST",245.00,,N,A,-,N,,,,,,,,,,N,4,0,1,1,A,-,"- ",,,N,H,G,A,A,A,-,B,D,0,,Y,,,Y,,L,04,0,0,1,0,0,0,1,0,0,"- ","- ",37.865638732910156,-122.29885864257812,ALAMEDA,BERKELEY,-122.29943084716797,37.866249084472656
9317593,2021,2021-09-10,0103,2021-07-27,1835,94,23,2,5,6,0103,0,0,0,,0,003,"SACRAMENTO ST","DELAWARE ST",0.00,,Y,A,-,N,,,,,,,,,,N,3,0,1,2,A,-,03,22350,,N,D,G,A,A,A,H,A,A,0,,Y,,,Y,,L,04,0,1,0,0,0,0,1,0,0,"- ","- ",37.873069763183594,-122.28224182128906,ALAMEDA,BERKELEY,-122.2823486328125,37.873062133789062
9317595,2021,2021-09-10,0103,2021-07-25,1505,29,20,7,5,6,0103,0,0,0,,0,013,"10TH ST","CARLETON ST",0.00,,Y,A,-,N,,,,,,,,,,N,3,0,1,2,A,-,12,22450,A,N,H,G,A,A,H,-,A,A,0,,Y,,,Y,,L,04,0,1,0,0,0,0,1,0,0,"- ","- ",37.857769012451172,-122.28972625732422,ALAMEDA,BERKELEY,-122.28971862792969,37.857761383056641
9317597,2021,2021-09-10,0103,2021-07-21,1830,94,17,3,5,6,0103,0,0,0,,0,002,"CEDAR ST","OXFORD ST",0.00,,Y,A,-,N,,,,,,,,,,N,3,0,1,2,A,-,10,21950,A,N,G,B,B,A,H,-,A,A,0,Y,,,,Y,,A,01,0,1,0,0,1,0,0,0,0,"- ","- ",37.878711700439453,-122.26686096191406,ALAMEDA,BERKELEY,-122.26686859130859,37.878696441650391
9319627,2021,2021-09-08,0103,2021-07-11,2130,4,24,7,5,6,0103,0,0,0,,0,003,HEARST,SHATTUCK,0.00,,Y,A,-,N,,,,,,,,,,N,3,0,1,2,A,-,12,21453,A,N,D,G,A,A,H,-,C,A,0,,Y,,,Y,,L,04,0,1,0,0,0,0,1,0,0,"- ","- ",37.873889923095703,-122.26857757568359,ALAMEDA,BERKELEY,-122.26860046386719,37.873836517333984