CASE_ID,ACCIDENT_YEAR,PROC_DATE,JURIS,COLLISION_DATE,COLLISION_TIME,OFFICER_ID,REPORTING_DISTRICT,DAY_OF_WEEK,CHP_SHIFT,POPULATION,CNTY_CITY_LOC,SPECIAL_COND,BEAT_TYPE,CHP_BEAT_TYPE,CITY_DIVISION_LAPD,CHP_BEAT_CLASS,BEAT_NUMBER,PRIMARY_RD,SECONDARY_RD,DISTANCE,DIRECTION,INTERSECTION,WEATHER_1,WEATHER_2,STATE_HWY_IND,CALTRANS_COUNTY,CALTRANS_DISTRICT,STATE_ROUTE,ROUTE_SUFFIX,POSTMILE_PREFIX,POSTMILE,LOCATION_TYPE,RAMP_INTERSECTION,SIDE_OF_HWY,TOW_AWAY,COLLISION_SEVERITY,NUMBER_KILLED,NUMBER_INJURED,PARTY_COUNT,PRIMARY_COLL_FACTOR,PCF_CODE_OF_VIOL,PCF_VIOL_CATEGORY,PCF_VIOLATION,PCF_VIOL_SUBSECTION,HIT_AND_RUN,TYPE_OF_COLLISION,MVIW,PED_ACTION,ROAD_SURFACE,ROAD_COND_1,ROAD_COND_2,LIGHTING,CONTROL_DEVICE,CHP_ROAD_TYPE,PEDESTRIAN_ACCIDENT,BICYCLE_ACCIDENT,MOTORCYCLE_ACCIDENT,TRUCK_ACCIDENT,NOT_PRIVATE_PROPERTY,ALCOHOL_INVOLVED,STWD_VEHTYPE_AT_FAULT,CHP_VEHTYPE_AT_FAULT,COUNT_SEVERE_INJ,COUNT_VISIBLE_INJ,COUNT_COMPLAINT_PAIN,COUNT_PED_KILLED,COUNT_PED_INJURED,COUNT_BICYCLIST_KILLED,COUNT_BICYCLIST_INJURED,COUNT_MC_KILLED,COUNT_MC_INJURED,PRIMARY_RAMP,SECONDARY_RAMP,LATITUDE,LONGITUDE,COUNTY,CITY,POINT_X,POINT_Y
9319629,2021,2021-09-07,0103,2021-07-09,1900,46,,5,5,6,0103,0,0,0,,0,010,"GRANT AV","STUART ST",0.00,,Y,A,-,N,,,,,,,,,,N,3,0,1,2,D,-,00,,,N,A,G,A,-,H,-,A,D,0,,Y,,,Y,,-,"- ",0,1,0,0,0,0,1,0,0,"- ","- ",37.857749938964844,-122.27317047119141,ALAMEDA,BERKELEY,-122.27317810058594,37.857772827148438
9319630,2021,2021-09-08,0103,2021-07-08,1637,112,,4,5,6,0103,0,0,0,,0,003,HEARST,MILVIA,0.00,,Y,A,-,N,,,,,,,,,,N,3,0,1,2,A,-,09,21801,A,N,D,G,A,A,H,-,A,A,0,,Y,,,Y,,A,01,0,1,0,0,0,0,1,0,0,"- ","- ",37.873600006103516,-122.27089691162109,ALAMEDA,BERKELEY,-122.27088928222656,37.873592376708984
9320125,2021,2021-12-30,0103,2021-08-19,1446,112,,4,5,6,0103,0,0,0,,0,011,"RT 123",OREGON,0.00,,Y,A,-,Y,ALA,4,123,-,-,2.120,I,5,N,Y,1,1,0,2,A,-,01,23153,A,N,G,B,B,A,H,-,A,A,0,Y,,,,Y,Y,A,08,0,0,0,1,0,0,0,0,0,"- ","- ",37.85491943359375,-122.28755950927734,ALAMEDA,BERKELEY,-122.28755187988281,37.854942321777344
9320270,2021,2023-06-21,0103,2021-09-05,2235,146,35,7,5,6,0103,0,0,0,,0,010,ADELINE,"RT 13",78.00,N,N,A,-,Y,,,,,,,,,,N,1,1,0,2,D,-,00,,,F,G,B,E,A,H,-,C,D,0,Y,,,,Y,,-,"- ",0,0,0,1,0,0,0,0,0,"- ","- ",,,ALAMEDA,BERKELEY,-122.26908111572266,37.854846954345703
9320330,2021,2022-03-23,0103,2021-11-17,1811,144,20,3,5,6,0103,0,0,0,,0,013,"RT 13","7TH ST",1219.00,W,N,A,-,Y,ALA,4,13,-,-,13.670,H,-,N,N,1,1,0,2,A,-,11,21954,A,F,G,B,E,A,H,-,D,D,0,Y,,,,Y,,N,60,0,0,0,1,0,0,0,0,0,"- ","- ",,,ALAMEDA,BERKELEY,-122.29486083984375,37.849498748779297
9338721,2021,2021-10-08,0103,2021-08-14,1822,S11,24,6,5,6,0103,0,0,0,,0,002,"HEARST AV",HENRY,0.00,,Y,A,-,N,,,,,,,,,,N,3,0,1,2,A,-,08,22107,,N,D,G,A,-,H,-,A,D,0,,Y,,,Y,,A,01,0,1,0,0,0,0,1,0,0,"- ","- ",37.873729705810547,-122.26976013183594,ALAMEDA,BERKELEY,-122.26976776123047,37.87371826171875
9338725,2021,2021-10-12,0103,2021-08-12,1036,101,,4,5,6,0103,0,0,0,,0,016,GILMAN,CURTIS,0.00,,Y,A,-,N,,,,,,,,,,N,3,0,1,2,A,-,09,21802,A,N,D,G,A,A,H,-,A,D,0,,Y,,,Y,,A,01,0,1,0,0,0,0,1,0,0,"- ","- ",,,ALAMEDA,BERKELEY,-122.28998565673828,37.881431579589844
9338730,2021,2021-10-12,0103,2021-08-04,1508,112,,3,5,6,0103,0,0,0,,0,009,FAIRVIEW,ADELINE,0.00,,Y,A,-,N,,,,,,,,,,N,2,0,1,2,A,-,10,21950,A,N,G,B,B,A,H,-,A,A,0,Y,,,,Y,,A,01,1,0,0,0,1,0,0,0,0,"- ","- ",37.850681304931641,-122.27069091796875,ALAMEDA,BERKELEY,-122.27077484130859,37.850677490234375
9338751,2021,2021-10-12,0103,2021-08-27,1410,108,,5,5,6,0103,0,0,0,,0,015,GILMAN,10TH,0.00,,Y,A,-,N,,,,,,,,,,N,3,0,2,3,A,-,10,21950,A,F,G,B,B,A,H,-,A,D,0,Y,,,,Y,,A,01,0,2,0,0,2,0,0,0,0,"- ","- ",37.8802490234375,-122.29695892333984,ALAMEDA,BERKELEY,-122.29696655273438,37.880252838134766
9338752,2021,2021-10-12,0103,2021-08-26,1630,50,,4,5,6,0103,0,0,0,,0,015,8TH,CEDAR,0.00,,Y,A,-,N,,,,,,,,,,N,4,0,1,2,A,-,10,21950,A,N,G,B,B,A,H,-,A,A,0,Y,,,,Y,,A,01,0,0,1,0,1,0,0,0,0,"- ","- ",37.874519348144531,-122.29747772216797,ALAMEDA,BERKELEY,-122.29747772216797,37.874530792236328
9338754,2021,2021-10-12,0103,2021-08-24,2030,38,,2,5,6,0103,0,0,0,,0,015,"HARRISON ST","CEDARWOOD LN",33.00,E,N,A,-,N,,,,,,,,,,N,3,0,1,2,A,-,21,22106,,F,G,B,F,A,H,-,C,D,0,Y,,,,Y,,A,01,0,1,0,0,1,0,0,0,0,"- ","- ",37.880779266357422,-122.30478668212891,ALAMEDA,BERKELEY,-122.30477905273438,37.880580902099609
9338759,2021,2021-10-12,0103,2021-08-21,1343,87,29,6,5,6,0103,0,0,0,,0,004,UNIVERSITY,MILVIA,0.00,,Y,A,-,N,,,,,,,,,,N,3,0,1,2,A,-,10,21950,A,F,B,B,B,A,H,-,A,A,0,Y,Y,,,Y,,L,04,0,1,0,0,1,0,0,0,0,"- ","- ",37.871559143066406,-122.27030944824219,ALAMEDA,BERKELEY,-122.27075958251953,37.871902465820312
9339328,2021,2021-11-15,0102,2021-10-02,1208,MS243097,4,6,5,3,0102,0,0,0,,0,002,MARIN,NEILSON,0.00,,Y,A,-,N,,,,,,,,,,N,2,0,1,2,A,-,08,22107,,N,H,G,A,A,H,-,A,D,0,,Y,,,Y,,A,71,1,0,0,0,0,0,1,0,0,"- ","- ",37.889419555664062,-122.2861328125,ALAMEDA,ALBANY,-122.28611755371094,37.889423370361328
9355765,2021,2021-11-08,0102,2021-09-25,2133,JP241113,,6,5,3,0102,0,0,0,,0,002,"SAN PABLO",MARIN,0.00,,Y,A,-,Y,ALA,4,123,-,-,4.410,H,-,S,N,2,0,1,2,A,-,11,21453,D,N,G,B,D,A,H,-,C,A,0,Y,,,,Y,Y,N,60,1,0,0,0,1,0,0,0,0,"- ","- ",37.886810302734375,-122.297607421875,ALAMEDA,ALBANY,-122.29783630371094,37.886409759521484
9356477,2021,2021-11-02,0102,2021-09-21,1835,WS235939,4,2,5,3,0102,0,0,0,,0,002,MARIN,NEILSON,45.00,E,N,A,-,N,,,,,,,,,,N,3,0,2,3,A,-,03,22350,,N,G,B,B,A,H,-,A,D,0,Y,,,,Y,,A,01,0,2,0,0,2,0,0,0,0,"- ","- ",37.889419555664062,-122.2861328125,ALAMEDA,ALBANY,-122.28597259521484,37.889453887939453
9356479,2021,2021-11-02,0102,2021-09-07,1626,LL0615,5,2,5,3,0102,0,0,0,,0,002,JACKSON,"JACKSON 910",0.00,,Y,A,-,N,,,,,,,,,,N,3,0,1,2,A,-,10,21950,A,M,G,B,B,A,H,-,A,D,0,Y,,,,Y,,-,,0,1,0,0,1,0,0,0,0,"- ","- ",37.889251708984375,-122.30166625976562,ALAMEDA,ALBANY,-122.08441925048828,37.66204833984375
9356714,2021,2021-11-10,0102,2021-10-03,1534,MS243097,5,7,5,3,0102,0,0,0,,0,002,SOLANO,MADISON,0.00,,Y,A,-,N,,,,,,,,,,N,3,0,1,2,A,-,09,21801,A,N,H,G,A,A,H,-,A,D,0,,Y,,,Y,,A,01,0,1,0,0,0,0,1,0,0,"- ","- ",37.889961242675781,-122.30072021484375,ALAMEDA,ALBANY,-122.30072021484375,37.889965057373047
9356992,2021,2021-11-30,0102,2021-08-21,1300,JB243902,5,6,5,3,0102,0,0,0,,0,002,"SOLANO AV","CLEVELAND AV",6.00,E,N,A,-,N,,,,,,,,,,N,2,0,1,2,A,-,10,21950,A,N,G,B,B,A,H,-,A,D,0,Y,,,,Y,,A,01,1,0,0,0,1,0,0,0,0,"- ","- ",37.888538360595703,-122.3070068359375,ALAMEDA,ALBANY,-122.3072509765625,37.888664245605469
9364056,2021,2021-12-13,0103,2021-10-25,1717,S29,17,1,5,6,0103,0,0,0,,0,001,"MARTIN LUTHER KING JR WY","ROSE ST",0.00,,Y,A,-,N,,,,,,,,,,N,2,0,1,2,A,-,11,21954,A,N,D,B,D,A,H,-,B,D,0,Y,,,,Y,,N,60,1,0,0,0,1,0,0,0,0,"- ","- ",37.881439208984375,-122.27410125732422,ALAMEDA,BERKELEY,-122.27410125732422,37.881439208984375
9364057,2021,2021-12-14,0103,2021-10-25,1249,104,33,1,5,6,0103,0,0,0,,0,011,"WARD ST","ACTON ST",0.00,,Y,A,-,N,,,,,,,,,,N,3,0,1,2,A,-,06,21751,,N,A,G,A,A,H,-,A,A,0,,Y,,,Y,,A,01,0,1,0,0,0,0,1,0,0,"- ","- ",37.857601165771484,-122.28240966796875,ALAMEDA,BERKELEY,-122.28253936767578,37.857547760009766
9364058,2021,2021-12-14,0103,2021-10-24,1304,45,,7,5,6,0103,0,0,0,,0,012,"UNIVERSITY AV","BONAR ST",500.00,E,N,B,C,N,,,,,,,,,,N,3,0,1,2,A,-,05,21202,A,N,D,G,A,B,H,-,A,D,0,,Y,,,Y,Y,L,04,0,1,0,0,0,0,1,0,0,"- ","- ",37.870109558105469,-122.28424835205078,ALAMEDA,BERKELEY,-122.28578948974609,37.869979858398438
9364059,2021,2021-12-14,0103,2021-10-21,1800,159,,4,5,6,0103,0,0,0,,0,001,"ROBLE RD","ROBLE CT",0.00,,Y,B,-,N,,,,,,,,,,N,3,0,1,2,A,-,08,22107,,F,G,B,E,B,H,-,B,A,0,Y,,,,Y,,A,01,0,1,0,0,1,0,0,0,0,"- ","- ",37.852729797363281,-122.23661041259766,ALAMEDA,BERKELEY,-122.23664855957031,37.85272216796875
9364060,2021,2021-12-14,0103,2021-10-19,1849,122,,2,5,6,0103,0,0,0,,0,001,"THE ALAMEDA",MARIN,0.00,,Y,A,-,N,,,,,,,,,,N,3,0,1,2,A,-,08,22107,,N,A,G,A,A,H,-,C,A,0,,Y,,,Y,,L,04,0,1,0,0,0,0,1,0,0,"- ","- ",37.888618469238281,-122.27610778808594,ALAMEDA,BERKELEY,-122.27653503417969,37.888885498046875
9364061,2021,2021-12-10,0103,2021-10-19,1809,30,,2,5,6,0103,0,0,0,,0,010,MILVIA,OREGON,0.00,,Y,A,-,N,,,,,,,,,,N,3,0,1,2,A,-,17,22517,,N,G,G,A,A,H,-,B,D,0,,Y,,,Y,,A,01,0,1,0,0,0,0,1,0,0,"- ","- ",,,ALAMEDA,BERKELEY,-122.26913452148438,37.857311248779297
9364066,2021,2021-12-10,0103,2021-10-15,1945,73,35,5,5,6,0103,0,0,0,,0,010,"MARTIN LUTHER KING JR","RUSSELL ST",89.00,N,N,A,-,N,,,,,,,,,,N,2,0,1,2,A,-,11,21954,A,N,G,B,E,A,H,-,C,D,0,Y,,,,Y,,N,60,1,0,0,0,1,0,0,0,0,"- ","- ",37.856128692626953,-122.27127838134766,ALAMEDA,BERKELEY,-122.27135467529297,37.85638427734375
9364067,2021,2021-12-10,0103,2021-10-15,0909,71,,5,5,6,0103,0,0,0,,0,003,VIRGINIA,"MARTIN LUTHER KING JR",0.00,,Y,A,-,N,,,,,,,,,,N,4,0,1,2,A,-,05,21650,,F,D,G,A,D,H,-,A,A,0,,Y,,,Y,,L,04,0,0,1,0,0,0,1,0,0,"- ","- ",,,ALAMEDA,BERKELEY,-122.27352905273438,37.875995635986328
9364069,2021,2021-12-10,0103,2021-10-12,1830,33,,2,5,6,0103,0,0,0,,0,012,"ALLSTON WY","BYRON ST",29.00,W,N,A,-,N,,,,,,,,,,N,3,0,1,2,A,-,17,22517,,N,B,G,A,A,H,-,C,D,0,,Y,,,Y,,A,01,0,1,0,0,0,0,1,0,0,"- ","- ",37.866550445556641,-122.28999328613281,ALAMEDA,BERKELEY,-122.29011535644531,37.866546630859375
9364071,2021,2021-12-10,0103,2021-10-10,1650,149,3601,7,5,6,0103,0,0,0,,0,006,TELEGRAPH,STUART,0.00,,Y,A,-,N,,,,,,,,,,N,4,0,1,2,A,-,10,21950,A,F,G,B,B,A,H,-,A,A,0,Y,,,,Y,,A,01,0,0,1,0,1,0,0,0,0,"- ","- ",37.859539031982422,-122.25920867919922,ALAMEDA,BERKELEY,-122.25922393798828,37.859527587890625
9364086,2021,2021-12-10,0103,2021-10-07,1802,42,,4,5,6,0103,0,0,0,,0,006,DWIGHT,BOWDITCH,0.00,,Y,A,-,N,,,,,,,,,,N,3,0,1,2,A,-,10,21950,A,N,D,B,B,A,H,-,A,D,0,Y,,,,Y,,A,07,0,1,0,0,1,0,0,0,0,"- ","- ",37.865379333496094,-122.25650787353516,ALAMEDA,BERKELEY,-122.25616455078125,37.865421295166016
9364088,2021,2021-12-10,0103,2021-10-07,1600,47,,4,5,6,0103,0,0,0,,0,005,PARKER,"MARTIN LUTHER KING JR",0.00,,Y,A,-,N,,,,,,,,,,N,3,0,1,2,A,-,05,21650,,N,D,G,A,A,H,-,A,D,0,,Y,,,Y,,L,04,0,1,0,0,0,0,1,0,0,"- ","- ",,,ALAMEDA,BERKELEY,-122.27191925048828,37.861549377441406
9364089,2021,2021-12-10,0103,2021-10-06,2334,124,35,3,5,6,0103,0,0,0,,0,008,ADELINE,STUART,0.00,,Y,A,-,N,,,,,,,,,,N,3,0,1,2,A,-,09,21802,A,N,D,G,A,-,H,-,C,A,0,,Y,,,Y,Y,A,01,0,1,0,0,0,0,1,0,0,"- ","- ",37.858421325683594,-122.26773071289062,ALAMEDA,BERKELEY,-122.26789855957031,37.858390808105469
9364092,2021,2021-12-10,0103,2021-10-05,1745,144,,2,5,6,0103,0,0,0,,0,011,SACRAMENTO,"ALCATRAZ AV",40.00,N,N,A,-,N,,,,,,,,,,N,2,0,1,2,A,-,11,21955,,F,G,B,D,A,H,-,A,A,0,Y,,,,Y,,N,60,1,0,0,0,1,0,0,0,0,"- ","- ",,,ALAMEDA,BERKELEY,-122.27786254882812,37.848030090332031
9364094,2021,2021-12-10,0103,2021-10-03,0203,29,,7,5,6,0103,0,0,0,,0,006,CHANNING,ELLSWORTH,0.00,,Y,A,-,N,,,,,,,,,,N,4,0,2,3,A,-,12,22450,A,F,G,B,B,A,H,-,C,A,0,Y,,,,Y,Y,A,01,0,0,2,0,2,0,0,0,0,"- ","- ",37.866531372070312,-122.26383209228516,ALAMEDA,BERKELEY,-122.26332855224609,37.866310119628906
9364251,2021,2021-12-09,0103,2021-10-26,1623,61,21,2,5,6,0103,0,0,0,,0,015,"9TH AV",PAGE,0.00,,Y,A,-,N,,,,,,,,,,Y,3,0,1,3,A,-,08,22100,A,N,B,G,A,A,H,-,A,A,0,,Y,,,Y,,A,01,0,1,0,0,0,0,0,0,0,"- ","- ",37.877090454101562,-122.29712677001953,ALAMEDA,BERKELEY,-122.29712677001953,37.877094268798828
9367178,2021,2021-11-30,0103,2021-10-19,2320,38,,2,5,6,0103,0,0,0,,0,015,FRONTAGE,"GILMAN ST",2112.00,S,N,B,G,N,,,,,,,,,,N,2,0,1,2,A,-,11,21954,A,F,G,B,E,B,H,-,C,D,0,Y,,,,Y,,N,60,1,0,0,0,1,0,0,0,0,"- ","- ",37.878009796142578,-122.30796051025391,ALAMEDA,BERKELEY,-122.30594635009766,37.872432708740234
9367925,2021,2021-12-07,0102,2021-10-25,1920,JB243902,,1,5,3,0102,0,0,0,,0,002,SOLANO,ORDWAY,0.00,,Y,A,-,N,,,,,,,,,,N,2,0,1,2,A,-,03,22350,,N,G,B,B,A,H,-,C,D,0,Y,,,,Y,,A,01,1,0,0,0,1,0,0,0,0,"- ","- ",,,ALAMEDA,ALBANY,-122.2845458984375,37.891078948974609
9367926,2021,2021-12-07,0102,2021-10-25,0841,TP237998,1,1,5,3,0102,0,0,0,,0,001,SOLANO,"PIERCE AV",0.00,,Y,B,-,N,,,,,,,,,,N,3,0,1,2,A,-,05,21650,,N,D,G,A,B,H,-,A,D,0,,Y,,,Y,,A,01,0,1,0,0,0,0,1,0,0,"- ","- ",37.888950347900391,-122.30577850341797,ALAMEDA,ALBANY,-122.30576324462891,37.888954162597656
9379137,2021,2022-01-06,0103,2021-11-13,1622,7,31,6,5,6,0103,0,0,0,,0,014,"RT 123","ALLSTON WY",0.00,,Y,A,F,Y,ALA,4,123,-,-,2.950,I,5,S,N,3,0,1,2,A,-,09,21801,A,N,H,G,A,A,H,-,A,A,0,,Y,,,Y,,A,01,0,1,0,0,0,0,1,0,0,"- ","- ",37.866378784179688,-122.29122924804688,ALAMEDA,BERKELEY,-122.29135131835938,37.866378784179688
9386581,2021,2022-01-04,0103,2021-11-17,0535,85,3602,3,5,6,0103,0,0,0,,0,006,TELEGRAPH,CARLETON,60.00,S,N,A,-,N,,,,,,,,,,N,2,0,1,2,A,-,03,22350,,N,G,B,E,A,H,-,C,D,0,Y,,,,Y,Y,A,01,1,0,0,0,1,0,0,0,0,"- ","- ",37.862041473388672,-122.25833892822266,ALAMEDA,BERKELEY,-122.25885009765625,37.862167358398438
9386583,2021,2022-01-04,0103,2021-11-16,0712,110,,2,5,6,0103,0,0,0,,0,001,"THE ALAMEDA",SOLANO,0.00,,Y,B,-,N,,,,,,,,,,N,3,0,1,2,A,-,12,21453,A,N,D,G,A,A,H,-,A,A,0,,Y,,,Y,,L,04,0,1,0,0,0,0,1,0,0,"- ","- ",,,ALAMEDA,BERKELEY,-122.277099609375,37.891448974609375
9386585,2021,2022-01-04,0103,2021-11-14,0830,85,3601,7,5,6,0103,0,0,0,,0,009,FULTON,PARKER,0.00,,Y,A,-,N,,,,,,,,,,N,3,0,1,2,A,-,08,22107,,F,B,G,A,A,H,-,A,D,0,,Y,,,Y,,A,01,0,1,0,0,0,0,1,0,0,"- ","- ",37.867828369140625,-122.26595306396484,ALAMEDA,BERKELEY,-122.26486206054688,37.862449645996094
9386586,2021,2022-01-04,0103,2021-11-13,1350,28,,6,5,6,0103,0,0,0,,0,002,VIRGINIA,EUCLID,0.00,,Y,A,-,N,,,,,,,,,,N,3,0,1,2,A,-,10,21950,A,N,G,B,B,A,H,-,A,A,0,Y,,,,Y,,A,08,0,1,0,0,1,0,0,0,0,"- ","- ",37.877971649169922,-122.26046752929688,ALAMEDA,BERKELEY,-122.26069641113281,37.877777099609375
9386587,2021,2022-01-04,0103,2021-11-12,1717,149,35,5,5,6,0103,0,0,0,,0,008,ADELINE,"OREGON ST",98.00,N,N,A,-,N,,,,,,,,,,N,2,0,1,2,A,-,08,22107,,N,B,G,A,A,H,-,C,D,0,,Y,,,Y,,A,01,1,0,0,0,0,0,1,0,0,"- ","- ",37.858108520507812,-122.26725006103516,ALAMEDA,BERKELEY,-122.26817321777344,37.857677459716797
9386588,2021,2022-01-04,0103,2021-11-11,2115,42,,4,5,6,0103,0,0,0,,0,005,PARKER,MILVIA,0.00,,Y,A,-,N,,,,,,,,,,N,3,0,1,2,D,-,00,,,N,G,B,B,A,H,-,E,A,0,Y,,,,Y,,-,"- ",0,1,0,0,1,0,0,0,0,"- ","- ",37.861831665039062,-122.26962280273438,ALAMEDA,BERKELEY,-122.26966094970703,37.861812591552734
9386589,2021,2022-01-04,0103,2021-11-11,1516,122,,4,5,6,0103,0,0,0,,0,002,CEDAR,"OXFORD ST",0.00,,Y,A,-,N,,,,,,,,,,N,3,0,1,2,A,-,03,22350,,N,B,B,E,A,H,-,A,A,0,Y,,,,Y,,A,01,0,1,0,0,1,0,0,0,0,"- ","- ",37.878849029541016,-122.26573944091797,ALAMEDA,BERKELEY,-122.26686859130859,37.878696441650391
9386592,2021,2022-01-04,0103,2021-11-08,2326,95,27,1,5,6,0103,0,0,0,,0,007,COLLEGE,CHANNING,0.00,,Y,C,-,N,,,,,,,,,,N,3,0,2,3,A,-,12,21453,A,N,G,B,B,B,H,-,C,A,0,Y,,,,Y,,A,01,0,1,1,0,2,0,0,0,0,"- ","- ",37.867488861083984,-122.2542724609375,ALAMEDA,BERKELEY,-122.25428771972656,37.867481231689453
9386596,2021,2022-01-04,0103,2021-11-05,0918,45,,5,5,6,0103,0,0,0,,0,009,ADELINE,62ND,0.00,,Y,A,-,N,,,,,,,,,,N,3,0,1,2,A,-,10,21950,A,N,G,B,B,A,H,-,A,D,0,Y,,,,Y,,A,01,0,1,0,0,1,0,0,0,0,"- ","- ",37.846549987792969,-122.27203369140625,ALAMEDA,BERKELEY,-122.27252960205078,37.846736907958984
9386599,2021,2022-01-04,0103,2021-11-02,1355,121,,2,5,6,0103,0,0,0,,0,014,2ND,ADDISON,0.00,,Y,B,-,N,,,,,,,,,,N,3,0,1,2,A,-,10,21950,A,N,G,B,B,D,H,-,B,D,0,Y,,,,Y,,A,01,0,1,0,0,1,0,0,0,0,"- ","- ",37.865810394287109,-122.30171203613281,ALAMEDA,BERKELEY,-122.30171966552734,37.865798950195312
9386600,2021,2022-01-04,0103,2021-11-01,0915,107,25,1,5,6,0103,0,0,0,,0,002,"LA LOMA","CEDAR ST",250.00,S,N,B,-,N,,,,,,,,,,N,3,0,1,2,A,-,05,21650,,N,B,G,A,-,H,-,A,A,0,,Y,,,Y,,A,01,0,1,0,0,0,0,1,0,0,"- ","- ",37.8790283203125,-122.25740814208984,ALAMEDA,BERKELEY,-122.25756072998047,37.879245758056641
9386609,2021,2022-01-04,0103,2021-11-30,0848,110,,2,5,6,0103,0,0,0,,0,006,FULTON,DURANT,0.00,,Y,A,-,N,,,,,,,,,,N,3,0,1,2,A,-,10,21950,A,F,B,B,B,-,A,H,A,A,0,Y,,,,Y,,A,01,0,1,0,0,1,0,0,0,0,"- ","- ",,,ALAMEDA,BERKELEY,-122.26577758789062,37.866931915283203
9386613,2021,2022-01-04,0103,2021-11-21,1824,107,26,7,5,6,0103,0,0,0,,0,007,BANCROFT,"PIEDMONT AV",140.00,E,N,A,-,N,,,,,,,,,,N,3,0,1,3,A,-,21,22106,,N,G,B,F,A,H,-,D,A,0,Y,,,,Y,,A,07,0,1,0,0,1,0,0,0,0,"- ","- ",37.869651794433594,-122.25157928466797,ALAMEDA,BERKELEY,-122.25218963623047,37.869609832763672
9386615,2021,2022-01-05,0103,2021-11-19,1717,88,31,5,5,6,0103,0,0,0,,0,012,ADDISON,ACTON,0.00,,Y,B,C,N,,,,,,,,,,N,3,0,1,2,A,-,10,21950,A,N,G,B,B,B,H,-,C,D,0,Y,,,,Y,,A,01,0,1,0,0,1,0,0,0,0,"- ","- ",37.869148254394531,-122.28408813476562,ALAMEDA,BERKELEY,-122.28409576416016,37.869148254394531
9386616,2021,2022-01-04,0103,2021-11-20,1815,99,35,6,5,6,0103,0,0,0,,0,008,RUSSELL,SHATTUCK,0.00,,Y,A,-,N,,,,,,,,,,N,3,0,1,2,A,-,08,22107,,F,G,B,B,A,H,-,C,A,0,Y,,,,Y,,A,01,0,1,0,0,1,0,0,0,0,"- ","- ",37.856731414794922,-122.26669311523438,ALAMEDA,BERKELEY,-122.26670074462891,37.856708526611328
9386617,2021,2022-01-05,0103,2021-11-21,0945,48,,7,5,6,0103,0,0,0,,0,011,BAKER,ALCATRAZ,0.00,,Y,A,-,N,,,,,,,,,,N,3,0,1,2,A,-,12,22450,A,N,D,G,A,A,H,-,A,A,0,,Y,,,Y,,L,04,0,1,0,0,0,0,1,0,0,"- ","- ",37.847660064697266,-122.27954864501953,ALAMEDA,BERKELEY,-122.27957153320312,37.847663879394531
9386620,2021,2022-01-05,0103,2021-11-16,1355,42,,2,5,6,0103,0,0,0,,0,013,HEINZ,7TH,0.00,,Y,A,-,N,,,,,,,,,,N,3,0,1,2,A,-,10,21950,A,N,B,B,B,A,H,-,A,A,0,Y,,,,Y,,A,01,0,1,0,0,1,0,0,0,0,"- ","- ",37.853481292724609,-122.29189300537109,ALAMEDA,BERKELEY,-122.29190826416016,37.853469848632812
9386970,2021,2022-01-11,0103,2021-10-19,1915,159,,2,5,6,0103,0,0,0,,0,001,MARIN,"THE ALAMEDA",0.00,,Y,A,-,N,,,,,,,,,,N,4,0,1,2,A,-,03,22350,,N,C,G,A,A,A,-,C,D,0,,Y,,,Y,,L,04,0,0,1,0,0,0,1,0,0,"- ","- ",37.888618469238281,-122.27610778808594,ALAMEDA,BERKELEY,-122.27653503417969,37.888885498046875
9391345,2021,2022-01-19,0102,2021-12-17,1142,JL0614,3,5,5,3,0102,0,0,0,,0,001,"KEY ROUTE BL","PORTLAND AV",0.00,,Y,A,-,N,,,,,,,,,,N,3,0,1,2,A,-,09,21802,A,N,G,B,B,A,H,-,A,A,0,Y,,,,Y,,A,01,0,1,0,0,1,0,0,0,0,"- ","- ",37.894889831542969,-122.29271697998047,ALAMEDA,ALBANY,-122.29296112060547,37.894870758056641
9391346,2021,2022-01-19,0102,2021-12-26,2215,JP241113,4,7,5,3,0102,0,0,0,,0,002,VENTURA,SONOMA,0.00,,Y,C,-,N,,,,,,,,,,N,3,0,1,2,A,-,10,21950,A,N,G,B,B,B,H,-,C,D,0,Y,,,,Y,,A,01,0,1,0,0,1,0,0,0,0,"- ","- ",37.887161254882812,-122.28340911865234,ALAMEDA,ALBANY,-122.28347778320312,37.886966705322266