CASE_ID,ACCIDENT_YEAR,PROC_DATE,JURIS,COLLISION_DATE,COLLISION_TIME,OFFICER_ID,REPORTING_DISTRICT,DAY_OF_WEEK,CHP_SHIFT,POPULATION,CNTY_CITY_LOC,SPECIAL_COND,BEAT_TYPE,CHP_BEAT_TYPE,CITY_DIVISION_LAPD,CHP_BEAT_CLASS,BEAT_NUMBER,PRIMARY_RD,SECONDARY_RD,DISTANCE,DIRECTION,INTERSECTION,WEATHER_1,WEATHER_2,STATE_HWY_IND,CALTRANS_COUNTY,CALTRANS_DISTRICT,STATE_ROUTE,ROUTE_SUFFIX,POSTMILE_PREFIX,POSTMILE,LOCATION_TYPE,RAMP_INTERSECTION,SIDE_OF_HWY,TOW_AWAY,COLLISION_SEVERITY,NUMBER_KILLED,NUMBER_INJURED,PARTY_COUNT,PRIMARY_COLL_FACTOR,PCF_CODE_OF_VIOL,PCF_VIOL_CATEGORY,PCF_VIOLATION,PCF_VIOL_SUBSECTION,HIT_AND_RUN,TYPE_OF_COLLISION,MVIW,PED_ACTION,ROAD_SURFACE,ROAD_COND_1,ROAD_COND_2,LIGHTING,CONTROL_DEVICE,CHP_ROAD_TYPE,PEDESTRIAN_ACCIDENT,BICYCLE_ACCIDENT,MOTORCYCLE_ACCIDENT,TRUCK_ACCIDENT,NOT_PRIVATE_PROPERTY,ALCOHOL_INVOLVED,STWD_VEHTYPE_AT_FAULT,CHP_VEHTYPE_AT_FAULT,COUNT_SEVERE_INJ,COUNT_VISIBLE_INJ,COUNT_COMPLAINT_PAIN,COUNT_PED_KILLED,COUNT_PED_INJURED,COUNT_BICYCLIST_KILLED,COUNT_BICYCLIST_INJURED,COUNT_MC_KILLED,COUNT_MC_INJURED,PRIMARY_RAMP,SECONDARY_RAMP,LATITUDE,LONGITUDE,COUNTY,CITY,POINT_X,POINT_Y
9391349,2021,2022-01-19,0102,2021-12-21,2340,HM92142,7,2,5,3,0102,0,0,0,,0,002,EASTSHORE,"EASTSHORE  1057",0.00,,Y,C,-,N,,,,,,,,,,N,3,0,1,2,A,-,03,22350,,N,G,B,E,B,H,-,C,D,0,Y,,,,Y,,A,01,0,1,0,0,1,0,0,0,0,"- ","- ",37.882770538330078,-122.30667877197266,ALAMEDA,ALBANY,-122.30928039550781,37.887847900390625
9391350,2021,2022-01-19,0102,2021-12-03,1510,JL0614,4,5,5,3,0102,0,0,0,,0,002,SOLANO,"SAN CARLOS AV",12.00,W,N,B,-,N,,,,,,,,,,N,3,0,1,2,A,-,10,21950,A,N,D,B,B,A,H,-,A,D,0,Y,,,,Y,,A,01,0,1,0,0,1,0,0,0,0,"- ","- ",37.89080810546875,-122.289306640625,ALAMEDA,ALBANY,-122.28934478759766,37.89080810546875
9391835,2021,2022-01-21,0102,2021-11-06,1126,JL0614,3,6,5,3,0102,0,0,0,,0,001,PORTLAND,CURTIS,0.00,,Y,B,-,N,,,,,,,,,,N,3,0,1,2,A,-,12,22450,,N,D,G,A,A,H,-,A,A,0,,Y,,,Y,,L,04,0,1,0,0,0,0,1,0,0,"- ","- ",37.894981384277344,-122.28719329833984,ALAMEDA,ALBANY,-122.28730010986328,37.894771575927734
9391836,2021,2022-01-21,0102,2021-11-22,1729,DW190456,4,1,5,3,0102,0,0,0,,0,002,SOLANO,"PERALTA AV",0.00,,Y,A,-,N,,,,,,,,,,N,3,0,1,2,A,-,10,21950,A,N,G,B,B,A,H,-,C,D,0,Y,,,,Y,,A,01,0,1,0,0,1,0,0,0,0,"- ","- ",37.891021728515625,-122.28568267822266,ALAMEDA,ALBANY,-122.28562927246094,37.891017913818359
9391837,2021,2022-01-21,0102,2021-11-01,1358,MS243097,5,1,5,3,0102,0,0,0,,0,002,MARIN,EVELYN,0.00,,Y,C,-,N,,,,,,,,,,N,3,0,1,2,A,-,09,21801,A,N,D,G,A,B,H,-,A,D,0,,Y,,,Y,,A,01,0,1,0,0,0,0,1,0,0,"- ","- ",37.887561798095703,-122.29351806640625,ALAMEDA,ALBANY,-122.29351043701172,37.887569427490234
9391838,2021,2022-01-21,0102,2021-11-02,1306,TP237998,2,2,5,3,0102,0,0,0,,0,001,"SAN PABLO","CARLSON AV",0.00,,Y,A,-,N,,,123,,,,,,,N,3,0,1,2,D,-,00,,,N,B,G,A,A,H,-,A,D,0,,Y,,,Y,,-,"- ",0,1,0,0,0,0,1,0,0,"- ","- ",37.897590637207031,-122.30098724365234,ALAMEDA,ALBANY,-122.30125427246094,37.897502899169922
9391839,2021,2022-01-21,0102,2021-11-29,1100,SW0618,3,1,5,3,0102,0,0,0,,0,001,POMONA,WASHINGTON,0.00,,Y,A,-,N,,,,,,,,,,N,3,0,1,2,A,-,08,22107,,N,G,B,B,A,H,-,A,D,0,Y,,,,Y,,A,01,0,1,0,0,1,0,0,0,0,"- ","- ",,,ALAMEDA,ALBANY,-122.29186248779297,37.892845153808594
9414244,2022,2022-03-24,0103,2022-01-14,1618,30,,5,5,6,0103,0,0,0,,0,002,"WALNUT ST","VINE ST",0.00,,Y,A,-,N,,,,,,,,,,N,3,0,1,2,A,-,17,22517,,F,C,G,A,A,H,-,B,D,0,,Y,,,Y,,A,01,0,1,0,0,0,0,1,0,0,"- ","- ",37.880359649658203,-122.26820373535156,ALAMEDA,BERKELEY,-122.26816558837891,37.880397796630859
9414256,2022,2022-03-24,0103,2022-01-21,1700,58,,5,5,6,0103,0,0,0,,0,002,"SHATTUCK AV","VIRGINIA ST",0.00,,Y,A,-,N,,,,,,,,,,N,2,0,1,2,A,-,09,21802,A,N,D,G,A,A,H,-,A,D,0,,Y,,,Y,,L,04,1,0,0,0,0,0,1,0,0,"- ","- ",37.8768310546875,-122.26863098144531,ALAMEDA,BERKELEY,-122.26894378662109,37.876590728759766
9414260,2022,2022-03-24,0103,2022-01-18,1300,88,30,2,5,6,0103,0,0,0,,0,004,"UNIVERSITY AV","GRANT ST",0.00,,Y,A,-,N,,,,,,,,,,N,2,0,1,2,A,-,10,21950,A,N,G,B,B,-,H,-,A,A,0,Y,,,,Y,,A,01,1,0,0,0,1,0,0,0,0,"- ","- ",37.871280670166016,-122.27487945556641,ALAMEDA,BERKELEY,-122.27527618408203,37.871334075927734
9414272,2022,2022-03-24,0103,2022-01-28,1300,,29,5,5,6,0103,0,0,0,,0,004,"SHATTUCK AV","KITTREDGE ST",94.00,N,N,A,-,N,,,,,,,,,,N,3,0,1,2,A,-,21,22106,,F,G,B,E,A,H,-,A,D,0,Y,,,,Y,,A,01,0,1,0,0,1,0,0,0,0,"- ","- ",37.868831634521484,-122.26862335205078,ALAMEDA,BERKELEY,-122.26795959472656,37.868736267089844
9414279,2022,2022-03-23,0103,2022-01-12,1103,10,152,3,5,6,0103,0,0,0,,0,,"EUCLID AV","EUNICE ST",2640.00,N,N,A,-,N,,,,,,,,,,N,3,0,1,2,A,-,03,22350,,N,C,G,A,A,H,-,A,D,0,,Y,,,Y,,L,04,0,1,0,0,0,0,1,0,0,"- ","- ",37.888561248779297,-122.26213073730469,ALAMEDA,BERKELEY,-122.26453399658203,37.891078948974609
9414284,2022,2022-03-24,0103,2022-01-27,0839,2,40,4,5,6,0103,0,0,0,,0,009,"ALCATRAZ AV","CALIFORNIA ST",0.00,,Y,A,-,N,,,,,,,,,,N,3,0,1,2,A,-,10,21950,A,F,G,B,B,A,H,-,A,A,0,Y,,,,Y,,A,01,0,1,0,0,1,0,0,0,0,"- ","- ",37.847938537597656,-122.27557373046875,ALAMEDA,BERKELEY,-122.27581787109375,37.848159790039062
9414288,2022,2022-03-24,0103,2022-01-24,1928,159,,1,5,6,0103,0,0,0,,0,005,"ALLSTON WY","MILVIA ST",0.00,,Y,A,-,N,,,,,,,,,,N,3,0,1,2,A,-,14,21201,D,N,D,G,A,A,H,-,C,A,0,,Y,,,Y,,L,04,0,1,0,0,0,0,1,0,0,"- ","- ",37.869060516357422,-122.27043151855469,ALAMEDA,BERKELEY,-122.27044677734375,37.869049072265625
9414291,2022,2022-03-23,0103,2022-01-09,1516,61,35,7,5,6,0103,0,0,0,,0,008,"SHATTUCK AV","OREGON ST",91.00,N,N,A,-,N,,,,,,,,,,N,3,0,1,2,A,-,11,21954,A,N,G,B,D,A,H,-,A,D,0,Y,,,,Y,,N,60,0,1,0,0,1,0,0,0,0,"- ","- ",37.857631683349609,-122.26679992675781,ALAMEDA,BERKELEY,-122.26683807373047,37.857868194580078
9414303,2022,2022-03-23,0103,2022-01-06,1655,47,,4,5,6,0103,0,0,0,,0,005,"CHANNING WY","SHATTUCK AV",83.00,W,N,B,-,N,,,,,,,,,,N,3,0,1,2,A,-,07,21658,A,N,B,G,A,A,H,-,B,D,0,,Y,,,Y,,A,01,0,1,0,0,0,0,1,0,0,"- ","- ",,,ALAMEDA,BERKELEY,-122.26790618896484,37.865741729736328
9414307,2022,2022-03-23,0103,2022-01-06,1622,121,,4,5,6,0103,0,0,0,,0,011,"DOHR ST","OREGON ST",100.00,N,N,A,-,N,,,,,,,,,,N,3,0,1,2,A,-,08,22107,,N,A,G,A,A,H,-,-,D,0,,Y,,,Y,,L,04,0,1,0,0,0,0,1,0,0,"- ","- ",37.855808258056641,-122.28125762939453,ALAMEDA,BERKELEY,-122.28131103515625,37.856090545654297
9414311,2022,2022-03-24,0103,2022-01-05,1408,159,,3,5,6,0103,0,0,0,,0,015,"9TH ST","CAMELIA ST",0.00,,Y,A,-,N,,,,,,,,,,N,2,0,1,2,A,-,10,21950,A,N,G,B,B,A,H,-,D,D,0,Y,,,,Y,,-,,1,0,0,0,1,0,0,0,0,"- ","- ",37.878280639648438,-122.29752349853516,ALAMEDA,BERKELEY,-122.29750823974609,37.878273010253906
9414337,2022,2022-03-18,0103,2022-01-27,1434,144,,4,5,6,0103,0,0,0,,0,011,"SACRAMENTO ST","RT 13",0.00,,Y,A,-,Y,ALA,4,13,-,-,12.760,I,5,N,N,4,0,1,2,A,-,10,21950,A,N,G,B,B,A,H,-,A,A,0,Y,,,,Y,,A,01,0,0,1,0,1,0,0,0,0,"- ","- ",,,ALAMEDA,BERKELEY,-122.27902221679688,37.853305816650391
9418733,2022,2022-03-30,0103,2022-02-18,1457,4,,5,5,6,0103,0,0,0,,0,003,"HEARST AV","MARTIN LUTHER KING JR WY",637.00,W,N,A,-,N,,,,,,,,,,N,3,0,2,2,A,-,03,22350,,N,G,B,F,A,H,-,A,D,0,Y,Y,,,Y,,L,04,0,1,1,0,1,0,1,0,0,"- ","- ",37.873218536376953,-122.27520751953125,ALAMEDA,BERKELEY,-122.27536773681641,37.873008728027344
9418734,2022,2022-03-30,0103,2022-02-18,2351,19,29,5,5,6,0103,0,0,0,,0,005,"SHATTUCK AV","DURANT AV",0.00,,Y,A,-,N,,,,,,,,,,Y,3,0,3,3,A,-,08,22107,,F,G,B,F,A,H,-,C,A,0,Y,,,,Y,Y,A,01,0,3,0,0,2,0,0,0,0,"- ","- ",37.866691589355469,-122.26767730712891,ALAMEDA,BERKELEY,-122.26773071289062,37.866691589355469
9418741,2022,2022-03-25,0103,2022-02-02,1700,2,,3,5,6,0103,0,0,0,,0,002,OXFORD,HEARST,0.00,,Y,A,-,N,,,,,,,,,,N,3,0,1,2,A,-,08,22107,,N,A,G,A,A,H,-,A,A,0,,Y,,,Y,,A,01,0,1,0,0,0,0,1,0,0,"- ","- ",37.874149322509766,-122.26628875732422,ALAMEDA,BERKELEY,-122.26634979248047,37.874160766601562
9418742,2022,2022-03-25,0103,2022-02-02,1803,144,,3,5,6,0103,0,0,0,,0,010,MILVIA,DERBY,0.00,,Y,A,-,N,,,,,,,,,,N,3,0,1,2,A,-,17,21461,A,N,A,G,A,A,H,-,B,D,0,,Y,,,Y,,A,01,0,1,0,0,0,0,1,0,0,"- ","- ",,,ALAMEDA,BERKELEY,-122.26941680908203,37.860019683837891
9418764,2022,2022-03-25,0103,2022-02-25,1840,69,24,5,5,6,0103,0,0,0,,0,003,UNIVERSITY,BONITA,0.00,,Y,A,-,N,,,,,,,,,,N,3,0,1,2,A,-,10,21950,A,N,G,B,B,A,H,-,C,D,0,Y,,,,Y,,A,01,0,1,0,0,1,0,0,0,0,"- ","- ",37.871700286865234,-122.27187347412109,ALAMEDA,BERKELEY,-122.27189636230469,37.871749877929688
9418766,2022,2022-03-25,0103,2022-02-18,0830,104,29,5,5,6,0103,0,0,0,,0,004,MILVIA,CENTER,0.00,,Y,A,-,N,,,,,,,,,,N,3,0,1,2,A,-,08,22107,,N,B,G,A,A,A,H,A,D,0,,Y,,,Y,,L,04,0,1,0,0,0,0,1,0,0,"- ","- ",37.869979858398438,-122.27055358886719,ALAMEDA,BERKELEY,-122.27054595947266,37.869956970214844
9418767,2022,2022-03-25,0103,2022-02-17,1737,94,27,4,5,6,0103,0,0,0,,0,006,COLLEGE,CHANNING,0.00,,Y,A,-,N,,,,,,,,,,N,3,0,1,2,A,-,00,21456,D,F,D,B,E,-,H,-,A,A,0,Y,,,,Y,,N,60,0,1,0,0,1,0,0,0,0,"- ","- ",37.867488861083984,-122.2542724609375,ALAMEDA,BERKELEY,-122.25428771972656,37.867481231689453
9418768,2022,2022-03-25,0103,2022-02-16,1605,S29,37,3,5,6,0103,0,0,0,,0,007,RUSSELL,"PINE AV",0.00,,-,A,-,N,,,,,,,,,,N,3,0,1,2,A,-,08,22107,,N,D,G,A,A,H,-,A,D,0,,Y,,,Y,,A,01,0,1,0,0,0,0,1,0,0,"- ","- ",37.85906982421875,-122.24701690673828,ALAMEDA,BERKELEY,-122.24849700927734,37.858768463134766
9418770,2022,2022-03-25,0103,2022-02-13,2323,99,3901,7,5,6,0103,0,0,0,,0,008,EMERSON,SHATTUCK,0.00,,Y,E,-,N,,,,,,,,,,N,3,0,1,2,A,-,08,22107,,N,D,G,A,A,H,-,C,D,0,,Y,,,Y,,A,01,0,1,0,0,0,0,1,0,0,"- ","- ",37.854549407958984,-122.26638793945312,ALAMEDA,BERKELEY,-122.26641845703125,37.854522705078125
9418775,2022,2022-03-25,0103,2022-02-06,1457,34,,7,5,6,0103,0,0,0,,0,005,SHATTUCK,BANCROFT,0.00,,Y,A,-,N,,,,,,,,,,N,3,0,1,2,A,-,10,21950,A,N,G,B,B,A,H,-,A,A,0,Y,,,,Y,,A,01,0,1,0,0,1,0,0,0,0,"- ","- ",37.867591857910156,-122.26776885986328,ALAMEDA,BERKELEY,-122.26782989501953,37.867591857910156
9421025,2022,2022-04-29,0102,2022-03-31,2007,DW190456,5,4,5,3,0102,0,0,0,,0,002,SOLANO,CORNELL,17.00,E,N,A,-,N,,,,,,,,,,N,3,0,1,2,A,-,10,21950,A,N,G,B,B,A,H,-,C,D,0,Y,,,,Y,,A,01,0,1,0,0,1,0,0,0,0,"- ","- ",37.890430450439453,-122.29621887207031,ALAMEDA,ALBANY,-122.29615783691406,37.890422821044922
9423313,2022,2022-03-28,0102,2022-01-03,1805,JP241113,6,1,5,3,0102,0,0,0,,0,002,"SAN PABLO AV","SAN PABLO AV 1079",0.00,,Y,C,-,Y,ALA,4,123,-,-,4.240,H,-,N,N,2,0,1,2,A,-,11,21955,,N,A,B,D,B,H,-,C,D,0,Y,,,,Y,,N,60,1,0,0,0,1,0,0,0,0,"- ","- ",37.884639739990234,-122.29712677001953,ALAMEDA,ALBANY,-122.29695129394531,37.884063720703125
9423325,2022,2022-03-28,0103,2022-02-01,0912,88,37,2,5,6,0103,0,0,0,,0,007,"TUNNEL RD","ASHBY AV",0.00,,Y,A,-,Y,ALA,4,13,-,-,10.100,H,-,S,N,3,0,1,2,A,-,03,22350,,F,C,G,A,-,H,-,A,D,0,,Y,,,Y,,A,01,0,1,0,0,0,0,1,0,0,"- ","- ",37.858081817626953,-122.24385833740234,ALAMEDA,BERKELEY,-122.23521423339844,37.852882385253906
9423337,2022,2022-03-28,0103,2022-02-20,1650,107,36,7,5,6,0103,0,0,0,,0,008,"RT 13","TELEGRAPH AV",40.00,W,N,A,-,N,,,,,,,,,,N,3,0,1,2,A,-,09,21804,A,N,G,B,C,A,H,-,A,A,0,Y,,,,Y,,A,01,0,1,0,0,1,0,0,0,0,"- ","- ",37.856189727783203,-122.25966644287109,ALAMEDA,BERKELEY,-122.25966644287109,37.856159210205078
9423341,2022,2022-03-28,0103,2022-02-25,0736,110,,5,5,6,0103,0,0,0,,0,009,"ASHBY AV","ADELINE ST",0.00,,Y,A,-,Y,ALA,4,13,-,-,12.240,I,5,S,N,3,0,1,2,A,-,10,21950,A,N,G,B,B,A,H,-,A,A,0,Y,,,,Y,,-,,0,1,0,0,1,0,0,0,0,"- ","- ",,,ALAMEDA,BERKELEY,-122.26911163330078,37.85467529296875
9424670,2022,2022-03-29,0102,2022-02-21,1011,CW0606,2,1,5,3,0102,0,0,0,,0,001,BRIGHTON,MASONIC,0.00,,Y,A,-,N,,,,,,,,,,N,4,0,1,2,A,-,12,22450,,N,D,G,A,A,H,-,A,A,0,,Y,,,Y,,L,04,0,0,1,0,0,0,1,0,0,"- ","- ",37.897750854492188,-122.29588317871094,ALAMEDA,ALBANY,-122.29586029052734,37.897750854492188
9424672,2022,2022-03-29,0102,2022-02-15,0802,KW243093,5,2,5,3,0102,0,0,0,,0,002,MASONIC,MARIN,0.00,,Y,A,-,N,,,,,,,,,,N,3,0,1,2,A,-,10,21950,A,N,H,G,A,A,H,-,A,A,0,,Y,,,Y,,A,01,0,1,0,0,0,0,1,0,0,"- ","- ",37.887741088867188,-122.29266357421875,ALAMEDA,ALBANY,-122.29264068603516,37.887748718261719
9432668,2022,2022-08-31,0103,2022-07-13,1027,104,22,3,5,6,0103,0,0,0,,0,012,UNIVERSITY,CURTIS,0.00,,Y,A,-,N,,,,,,,,,,N,3,0,1,2,A,-,10,21950,A,N,G,B,B,A,H,-,A,A,0,Y,,,,Y,,A,01,0,1,0,0,1,0,0,0,0,"- ","- ",37.869438171386719,-122.28952026367188,ALAMEDA,BERKELEY,-122.28952789306641,37.869388580322266
9432672,2022,2022-08-31,0103,2022-07-20,1655,34,,3,5,6,0103,0,0,0,,0,015,"SAN PABLO","GILMAN ST",0.00,,Y,A,-,Y,ALA,4,123,-,-,3.980,I,5,S,N,3,0,1,2,A,-,05,21650,1,N,A,G,A,A,H,-,A,A,0,,Y,,,Y,,L,04,0,1,0,0,0,0,1,0,0,"- ","- ",37.880470275878906,-122.29579925537109,ALAMEDA,BERKELEY,-122.2958984375,37.880466461181641
9436074,2022,2022-05-02,0103,2022-03-31,0844,3,13,4,5,6,0103,0,0,0,,0,001,"JOSEPINE ST","SONOMA AV",0.00,,Y,A,-,N,,,,,,,,,,N,4,0,1,2,A,-,12,22450,A,N,D,G,A,A,H,-,A,A,0,,Y,,,Y,,L,04,0,0,1,0,0,0,1,0,0,"- ","- ",37.884811401367188,-122.27564239501953,ALAMEDA,BERKELEY,-122.27568054199219,37.885204315185547
9436078,2022,2022-05-02,0103,2022-03-24,1225,118,,4,5,6,0103,0,0,0,,0,008,"SHATTUCK AV","RUSSELL ST",0.00,,Y,A,-,N,,,,,,,,,,N,3,0,1,2,A,-,09,21802,A,N,D,G,A,A,H,-,A,A,0,,Y,,,Y,,L,04,0,1,0,0,0,0,1,0,0,"- ","- ",,,ALAMEDA,BERKELEY,-122.26670074462891,37.856708526611328
9436084,2022,2022-05-03,0103,2022-03-17,1400,46,,4,5,6,0103,0,0,0,,0,004,OXFORD,ALLSTON,0.00,,Y,A,-,N,,,,,,,,,,N,3,0,1,2,D,-,00,,,F,G,B,B,-,H,-,-,D,0,Y,,,,Y,,-,"- ",0,1,0,0,1,0,0,0,0,"- ","- ",37.869678497314453,-122.26579284667969,ALAMEDA,BERKELEY,-122.26589202880859,37.869678497314453
9436090,2022,2022-05-03,0103,2022-03-12,2010,51,29,6,5,6,0103,0,0,0,,0,004,ADDISON,OXFORD,217.00,W,N,A,-,N,,,,,,,,,,N,3,0,2,2,A,-,09,21804,A,N,B,G,A,A,H,-,C,D,0,,Y,,,Y,Y,A,01,0,2,0,0,0,0,2,0,0,"- ","- ",37.8714599609375,-122.26596832275391,ALAMEDA,BERKELEY,-122.26679229736328,37.871353149414062
9436091,2022,2022-05-03,0103,2022-03-12,1900,97,3901,6,5,6,0103,0,0,0,,0,008,PRINCE,DEAKIN,0.00,,Y,B,-,N,,,,,,,,,,N,3,0,1,2,A,-,10,21950,A,F,G,B,B,A,H,-,C,A,0,Y,,,,Y,,A,01,0,1,0,0,1,0,0,0,0,"- ","- ",37.853641510009766,-122.26200866699219,ALAMEDA,BERKELEY,-122.26198577880859,37.853630065917969
9436092,2022,2022-05-03,0103,2022-03-12,1242,6,4001,6,5,6,0103,0,0,0,,0,009,ALCATRAZ,"ALCATRAZ 1623",0.00,,-,A,-,N,,,,,,,,,,N,3,0,1,2,A,-,17,22517,,N,B,G,A,A,H,-,A,A,0,,Y,,,Y,,A,01,0,1,0,0,0,0,1,0,0,"- ","- ",37.84857177734375,-122.27464294433594,ALAMEDA,BERKELEY,-122.27466699999999,37.848573999999999
9436093,2022,2022-05-03,0103,2022-03-12,1114,148,22,6,5,6,0103,0,0,0,,0,005,"MARTIN LUTHER KING JR",ALLSTON,0.00,,Y,A,-,N,,,,,,,,,,N,3,0,1,2,A,-,10,21950,A,N,G,B,B,A,H,-,A,A,0,Y,,,,Y,,A,01,0,1,0,0,1,0,0,0,0,"- ","- ",37.868770599365234,-122.27269744873047,ALAMEDA,BERKELEY,-122.27268218994141,37.868770599365234
9436209,2022,2022-05-02,0103,2022-02-10,1841,124,28,4,5,6,0103,0,0,0,,0,006,CHANNING,ELLSWORTH,0.00,,Y,A,-,N,,,,,,,,,,N,3,0,1,2,A,-,10,21950,A,F,G,B,B,A,H,-,C,D,0,Y,,,,Y,,A,01,0,1,0,0,1,0,0,0,0,"- ","- ",37.866321563720703,-122.26335906982422,ALAMEDA,BERKELEY,-122.26332855224609,37.866310119628906
9438518,2022,2022-05-17,0103,2022-03-23,0921,140,,3,5,6,0103,0,0,0,,0,010,KING,ASHBY,0.00,,Y,A,-,Y,ALA,4,13,-,-,12.500,I,5,N,N,4,0,1,2,A,-,08,22107,,N,G,B,B,A,H,-,A,A,0,Y,,,,Y,,A,07,0,0,1,0,1,0,0,0,0,"- ","- ",37.854061126708984,-122.27440643310547,ALAMEDA,BERKELEY,-122.27426147460938,37.853916168212891
9438522,2022,2022-05-17,0103,2022-03-09,1230,104,38,3,5,6,0103,0,0,0,,0,007,TUNNEL,"THE UPLANDS",0.00,,Y,A,-,Y,ALA,4,13,-,-,10.378,I,5,S,N,4,0,1,2,A,-,09,21801,A,N,D,G,A,A,H,-,A,D,0,,Y,,,Y,,A,07,0,0,1,0,0,0,1,0,0,"- ","- ",37.855400085449219,-122.23930358886719,ALAMEDA,BERKELEY,-122.23929595947266,37.855445861816406
94414715,2024,2024-10-01,9370,2024-08-01,"340 ",022800,,4,3,6,0103,0,1,1,,2,081,"I-80 W/B","UNIVERSITY AVE",2369.00,W,N,B,-,Y,ALA,,80," "," ",5.378,H,,L,N,1,1,0,2,A,-,11,21954,A,N,G,B,E,A,H,-,C,D,0,Y,,,Y,Y,,N,60,0,0,0,1,0,0,0,0,0,"- ","- ",37.860298156738281,-122.30213928222656,ALAMEDA,BERKELEY,-122.30207061767578,37.860313415527344
9452143,2022,2022-06-02,0103,2022-04-14,2004,34,,4,5,6,0103,0,0,0,,0,003,UNIVERSITY,"MARTIN LUTHER KING JR",0.00,,Y,C,-,N,,,,,,,,,,N,2,0,1,2,A,-,10,21950,A,N,G,B,B,A,H,-,C,A,0,Y,,,,Y,,A,01,1,0,0,0,1,0,0,0,0,"- ","- ",37.871559143066406,-122.27300262451172,ALAMEDA,BERKELEY,-122.27300262451172,37.871524810791016
9452149,2022,2022-06-02,0103,2022-04-07,1920,25,,4,5,6,0103,0,0,0,,0,006,BOWDITCH,DURANT,0.00,,Y,A,-,N,,,,,,,,,,N,4,0,1,2,A,-,08,22107,,N,D,G,A,A,H,-,A,A,0,,Y,,,Y,,A,01,0,0,1,0,0,0,1,0,0,"- ","- ",37.868110656738281,-122.25670623779297,ALAMEDA,BERKELEY,-122.2567138671875,37.868110656738281
9452153,2022,2022-06-02,0103,2022-04-05,1100,45,,2,5,6,0103,0,0,0,,0,005,SHATTUCK,"CHANNING WY",55.00,N,N,A,-,N,,,,,,,,,,N,4,0,1,2,A,-,08,22107,,F,B,G,A,A,H,-,A,D,0,,Y,,,Y,,A,07,0,0,1,0,0,0,1,0,0,"- ","- ",37.863071441650391,-122.26725769042969,ALAMEDA,BERKELEY,-122.26763916015625,37.865928649902344
9452155,2022,2022-06-02,0103,2022-04-04,0902,112,,1,5,6,0103,0,0,0,,0,016,SACRAMENTO,VIRGINIA,0.00,,Y,A,-,N,,,,,,,,,,N,3,0,2,2,A,-,17,21461,A,N,B,G,A,A,H,-,A,A,0,,Y,,,Y,,A,01,0,2,0,0,0,0,2,0,0,"- ","- ",37.874870300292969,-122.28244018554688,ALAMEDA,BERKELEY,-122.28253173828125,37.874843597412109
9452168,2022,2022-06-13,0103,2022-04-14,1404,104,33,4,5,6,0103,0,0,0,,0,008,ASHBY,BENVENUE,0.00,,Y,C,-,Y,ALA,4,13,-,-,11.300,I,5,N,N,2,0,1,2,A,-,10,21950,A,N,G,B,B,B,H,-,A,D,0,Y,,,,Y,,D,22,1,0,0,0,1,0,0,0,0,"- ","- ",37.856891632080078,-122.25424194335938,ALAMEDA,BERKELEY,-122.2542724609375,37.85687255859375
9452173,2022,2022-06-07,0103,2022-04-01,1430,23,,5,5,6,0103,0,0,0,,0,001,SHASTA,KEITH,0.00,,Y,A,-,N,,,,,,,,,,N,2,0,1,2,A,-,21,22106,,N,G,B,E,A,E,-,A,D,0,Y,,,,Y,,D,22,1,0,0,0,1,0,0,0,0,"- ","- ",37.886829376220703,-122.25865173339844,ALAMEDA,BERKELEY,-122.25862121582031,37.886848449707031
9452298,2022,2022-06-03,0103,2022-03-28,1736,70,,1,5,6,0103,0,0,0,,0,009,SACRAMENTO,PRINCE,0.00,,Y,A,-,N,,,,,,,,,,N,3,0,1,2,A,-,10,21950,A,F,G,B,B,A,H,-,A,D,0,Y,,,,Y,,A,01,0,1,0,0,1,0,0,0,0,"- ","- ",37.851490020751953,-122.27858734130859,ALAMEDA,BERKELEY,-122.27866363525391,37.851478576660156
9452494,2022,2022-06-10,0103,2022-04-27,1000,85,,3,5,6,0103,0,0,0,,0,006,DURANT,"TELEGRAPH AV",220.00,W,N,A,-,N,,,,,,,,,,N,4,0,1,2,A,-,03,22350,,F,G,B,B,A,H,-,A,D,0,Y,,,,Y,Y,A,01,0,0,1,0,1,0,0,0,0,"- ","- ",37.867809295654297,-122.25897979736328,ALAMEDA,BERKELEY,-122.25977325439453,37.867721557617188
9452496,2022,2022-06-10,0103,2022-04-23,1243,28,,6,5,6,0103,0,0,0,,0,002,HEARST,EUCLID,0.00,,Y,A,-,N,,,,,,,,,,N,3,0,1,2,A,-,09,21804,A,N,D,G,A,A,H,-,A,A,0,,Y,,,Y,,A,01,0,1,0,0,0,0,1,0,0,"- ","- ",37.875419616699219,-122.25956726074219,ALAMEDA,BERKELEY,-122.26013946533203,37.875087738037109