CASE_ID,ACCIDENT_YEAR,PROC_DATE,JURIS,COLLISION_DATE,COLLISION_TIME,OFFICER_ID,REPORTING_DISTRICT,DAY_OF_WEEK,CHP_SHIFT,POPULATION,CNTY_CITY_LOC,SPECIAL_COND,BEAT_TYPE,CHP_BEAT_TYPE,CITY_DIVISION_LAPD,CHP_BEAT_CLASS,BEAT_NUMBER,PRIMARY_RD,SECONDARY_RD,DISTANCE,DIRECTION,INTERSECTION,WEATHER_1,WEATHER_2,STATE_HWY_IND,CALTRANS_COUNTY,CALTRANS_DISTRICT,STATE_ROUTE,ROUTE_SUFFIX,POSTMILE_PREFIX,POSTMILE,LOCATION_TYPE,RAMP_INTERSECTION,SIDE_OF_HWY,TOW_AWAY,COLLISION_SEVERITY,NUMBER_KILLED,NUMBER_INJURED,PARTY_COUNT,PRIMARY_COLL_FACTOR,PCF_CODE_OF_VIOL,PCF_VIOL_CATEGORY,PCF_VIOLATION,PCF_VIOL_SUBSECTION,HIT_AND_RUN,TYPE_OF_COLLISION,MVIW,PED_ACTION,ROAD_SURFACE,ROAD_COND_1,ROAD_COND_2,LIGHTING,CONTROL_DEVICE,CHP_ROAD_TYPE,PEDESTRIAN_ACCIDENT,BICYCLE_ACCIDENT,MOTORCYCLE_ACCIDENT,TRUCK_ACCIDENT,NOT_PRIVATE_PROPERTY,ALCOHOL_INVOLVED,STWD_VEHTYPE_AT_FAULT,CHP_VEHTYPE_AT_FAULT,COUNT_SEVERE_INJ,COUNT_VISIBLE_INJ,COUNT_COMPLAINT_PAIN,COUNT_PED_KILLED,COUNT_PED_INJURED,COUNT_BICYCLIST_KILLED,COUNT_BICYCLIST_INJURED,COUNT_MC_KILLED,COUNT_MC_INJURED,PRIMARY_RAMP,SECONDARY_RAMP,LATITUDE,LONGITUDE,COUNTY,CITY,POINT_X,POINT_Y
9452497,2022,2022-06-10,0103,2022-04-20,1920,25,,3,5,6,0103,0,0,0,,0,006,CHANNING,"ATHERTON ST",100.00,E,N,A,-,N,,,,,,,,,,N,3,0,1,2,A,-,08,22107,,N,D,G,A,A,H,-,A,D,0,,Y,,,Y,,A,08,0,1,0,0,0,0,1,0,0,"- ","- ",37.866531372070312,-122.26383209228516,ALAMEDA,BERKELEY,-122.26419067382812,37.866203308105469
9452499,2022,2022-06-10,0103,2022-04-16,1809,24,25,6,5,6,0103,0,0,0,,0,002,HEARST,"SPRUCE ST",190.00,E,N,A,-,N,,,,,,,,,,N,4,0,1,2,A,-,08,22107,,N,D,G,A,A,H,-,A,D,0,,Y,,,Y,,A,01,0,0,1,0,0,0,1,0,0,"- ","- ",37.874599456787109,-122.26396179199219,ALAMEDA,BERKELEY,-122.26468658447266,37.874347686767578
9452500,2022,2022-06-10,0103,2022-04-16,1914,69,29,6,5,6,0103,0,0,0,,0,004,SHATTUCK,KITTREDGE,0.00,,Y,A,-,N,,,,,,,,,,N,2,0,1,2,A,-,08,22107,,N,C,G,A,A,H,-,A,A,0,,Y,,,Y,,L,04,1,0,0,0,0,0,1,0,0,"- ","- ",37.868488311767578,-122.26786804199219,ALAMEDA,BERKELEY,-122.26793670654297,37.868480682373047
9455403,2022,2022-07-01,0103,2022-05-14,1802,108,,6,5,6,0103,0,0,0,,0,005,SHATTUCK,BLAKE,0.00,,Y,A,-,N,,,,,,,,,,N,3,0,1,2,A,-,06,21951,,N,A,B,B,A,H,-,A,D,0,Y,,,,Y,,A,01,0,1,0,0,1,0,0,0,0,"- ","- ",37.863071441650391,-122.26725769042969,ALAMEDA,BERKELEY,-122.26731109619141,37.863063812255859
9455404,2022,2022-07-11,0103,2022-05-14,1857,55,20,6,5,6,0103,0,0,0,,0,015,"RT 80","GILMAN ST",0.00,,Y,A,-,Y,ALA,4,80,-,-,6.790,R,4,E,Y,3,0,1,2,A,-,05,21650,,N,D,G,A,A,H,-,A,D,0,,Y,,,Y,,L,04,0,1,0,0,0,0,1,0,0,"- ","- ",37.876201629638672,-122.30618286132812,ALAMEDA,BERKELEY,-122.30770111083984,37.880172729492188
9455409,2022,2022-07-01,0103,2022-05-12,1057,109,,4,5,6,0103,0,0,0,,0,006,CHANNING,ELLSWORTH,0.00,,Y,A,-,N,,,,,,,,,,N,3,0,1,2,A,-,08,22107,,N,B,G,A,A,H,-,A,D,0,,Y,,,Y,,A,01,0,1,0,0,0,0,1,0,0,"- ","- ",,,ALAMEDA,BERKELEY,-122.26332855224609,37.866310119628906
9455410,2022,2022-07-01,0103,2022-05-12,2313,94,35,4,5,6,0103,0,0,0,,0,008,ADELINE,STUART,0.00,,Y,A,-,N,,,,,,,,,,N,3,0,1,2,A,-,05,21651,B,N,D,G,A,A,H,-,C,D,0,,Y,,,Y,Y,L,04,0,1,0,0,0,0,1,0,0,"- ","- ",37.858421325683594,-122.26773071289062,ALAMEDA,BERKELEY,-122.26789855957031,37.858390808105469
9455413,2022,2022-07-01,0103,2022-05-06,1915,61,35,5,5,6,0103,0,0,0,,0,008,SHATTUCK,OREGON,0.00,,Y,A,-,N,,,,,,,,,,N,3,0,1,2,A,-,10,21950,A,F,D,B,B,A,H,-,A,A,0,Y,,,,Y,,A,01,0,1,0,0,1,0,0,0,0,"- ","- ",37.857631683349609,-122.26679992675781,ALAMEDA,BERKELEY,-122.26680755615234,37.857616424560547
9455414,2022,2022-07-01,0103,2022-05-07,1350,87,29,6,5,6,0103,0,0,0,,0,004,"MILVIA ST",CENTER,0.00,,Y,A,-,N,,,,,,,,,,N,3,0,1,2,A,-,11,21954,A,F,D,B,D,A,H,-,A,A,0,Y,Y,,,Y,Y,N,60,0,1,0,0,1,0,0,0,0,"- ","- ",37.869979858398438,-122.27055358886719,ALAMEDA,BERKELEY,-122.27054595947266,37.869956970214844
9455415,2022,2022-07-05,0103,2022-05-05,2128,83,27,4,5,6,0103,0,0,0,,0,006,COLLEGE,HASTE,0.00,,Y,A,-,N,,,,,,,,,,N,3,0,1,2,A,-,12,21453,A,F,G,B,B,A,H,-,C,A,0,Y,,,,Y,,A,01,0,1,0,0,1,0,0,0,0,"- ","- ",37.866611480712891,-122.25408172607422,ALAMEDA,BERKELEY,-122.25411224365234,37.866607666015625
9455416,2022,2022-07-05,0103,2022-05-06,1544,42,,5,5,6,0103,0,0,0,,0,005,MILVIA,DWIGHT,0.00,,Y,A,-,N,,,,,,,,,,N,3,0,1,2,D,-,00,,,N,D,G,A,A,H,-,A,A,0,,Y,,,Y,,-,"- ",0,1,0,0,0,0,1,0,0,"- ","- ",37.863651275634766,-122.26979827880859,ALAMEDA,BERKELEY,-122.26985168457031,37.863639831542969
9455417,2022,2022-07-05,0103,2022-05-05,1327,149,26,4,5,6,0103,0,0,0,,0,006,BANCROFT,PIEDMONT,0.00,,Y,A,-,N,,,,,,,,,,N,4,0,1,2,A,-,12,22450,A,N,G,B,B,A,H,-,A,A,0,Y,,,,Y,,A,01,0,0,1,0,1,0,0,0,0,"- ","- ",37.869590759277344,-122.25228881835938,ALAMEDA,BERKELEY,-122.2523193359375,37.869586944580078
9455420,2022,2022-07-05,0103,2022-05-05,1307,7,13,4,5,6,0103,0,0,0,,0,001,SOLANO,MODOC,0.00,,Y,A,-,N,,,,,,,,,,N,3,0,1,2,A,-,10,21950,A,N,G,B,B,A,H,-,A,A,0,Y,,,,Y,,A,01,0,1,0,0,1,0,0,0,0,"- ","- ",37.891059875488281,-122.28005218505859,ALAMEDA,BERKELEY,-122.28031158447266,37.891315460205078
9455425,2022,2022-08-09,0103,2022-05-24,2237,19,29,2,5,6,0103,0,0,0,,0,004,ALLSTON,"MARTIN LUTHER KING JR WY",0.00,,Y,A,-,N,,,,,,,,,,N,3,0,1,2,A,-,11,21456,B,N,G,B,B,A,H,-,C,A,0,Y,,,,Y,,N,60,0,1,0,0,1,0,0,0,0,"- ","- ",37.868770599365234,-122.27269744873047,ALAMEDA,BERKELEY,-122.27268218994141,37.868770599365234
9455432,2022,2022-07-05,0103,2022-05-21,1533,28,,6,5,6,0103,0,0,0,,0,002,EUCLID,"BUENA VISTA",0.00,,Y,A,-,N,,,,,,,,,,N,3,0,1,2,A,-,09,21802,A,N,D,G,A,A,H,-,A,A,0,,Y,,,Y,,A,01,0,1,0,0,0,0,1,0,0,"- ","- ",37.880439758300781,-122.26148223876953,ALAMEDA,BERKELEY,-122.26145172119141,37.880458831787109
9455437,2022,2022-07-05,0103,2022-05-02,1245,13,,1,5,6,0103,0,0,0,,0,012,CHANNING,BONAR,0.00,,Y,A,-,N,,,,,,,,,,N,3,0,1,2,A,-,08,22107,,F,A,G,A,A,H,-,-,A,0,,Y,,,Y,Y,A,01,0,1,0,0,0,0,1,0,0,"- ","- ",37.863368988037109,-122.28617858886719,ALAMEDA,BERKELEY,-122.28619384765625,37.863376617431641
9456678,2022,2022-07-20,0103,2022-05-14,1317,108,,6,5,6,0103,0,0,0,,0,014,UNIVERSITY,"SAN PABLO",0.00,,Y,A,-,Y,ALA,4,123,-,-,3.150,I,5,S,N,3,0,1,2,A,-,05,21650,,F,D,G,A,A,H,-,-,A,0,,Y,,,Y,,L,04,0,1,0,0,0,0,1,0,0,"- ","- ",37.869098663330078,-122.29212188720703,ALAMEDA,BERKELEY,-122.29224395751953,37.869098663330078
9462939,2022,2022-08-09,0103,2022-06-09,2145,19,,4,5,6,0103,0,0,0,,0,011,"ASHBY AV","MABEL ST",331.00,W,N,A,-,Y,ALA,4,13,-,-,13.180,H,-,N,N,3,0,1,2,A,-,11,21955,,N,G,B,D,A,H,-,C,D,0,Y,,,,Y,,N,60,0,1,0,0,1,0,0,0,0,"- ","- ",37.852249145507812,-122.28471374511719,ALAMEDA,BERKELEY,-122.28667449951172,37.852169036865234
9472195,2022,2022-07-20,0102,2022-06-03,0840,MD236619,3,5,5,3,0102,0,0,0,,0,001,CARMEL,WASHINGTON,200.00,S,N,A,-,N,,,,,,,,,,N,3,0,1,2,A,-,00,21954,,N,G,B,D,A,H,-,A,D,0,Y,,,,Y,,N,60,0,1,0,0,1,0,0,0,0,"- ","- ",37.894420623779297,-122.29022216796875,ALAMEDA,ALBANY,-122.29010772705078,37.892402648925781
9478321,2022,2022-08-02,0103,2022-06-22,0948,107,19,3,5,6,0103,0,0,0,,0,016,"GILMAN AV",KAINS,0.00,,Y,A,-,N,,,,,,,,,,N,3,0,1,2,A,-,09,21802,B,N,D,G,A,-,H,-,A,A,0,,Y,,,Y,,L,04,0,1,0,0,0,0,1,0,0,"- ","- ",37.880500793457031,-122.29503631591797,ALAMEDA,BERKELEY,-122.29486846923828,37.88067626953125
9478324,2022,2022-08-02,0103,2022-06-18,1619,107,19,6,5,6,0103,0,0,0,,0,016,"GILMAN AV",PERLTA,0.00,,Y,A,-,N,,,,,,,,,,N,3,0,1,2,A,-,12,22450,A,N,D,G,A,-,H,-,A,A,0,,Y,,,Y,,A,01,0,1,0,0,0,0,1,0,0,"- ","- ",37.880908966064453,-122.28780364990234,ALAMEDA,BERKELEY,-122.28775024414062,37.880901336669922
9478325,2022,2022-08-02,0103,2022-06-17,1135,148,34,5,5,6,0103,0,0,0,,0,005,"MCGEE AV","CARLETON ST",0.00,,Y,A,-,N,,,,,,,,,,N,3,0,1,2,A,-,12,22450,A,N,D,G,A,A,H,-,A,A,0,,Y,,,Y,,L,04,0,1,0,0,0,0,1,0,0,"- ","- ",37.860149383544922,-122.27597045898438,ALAMEDA,BERKELEY,-122.27594757080078,37.860157012939453
9478326,2022,2022-08-02,0103,2022-06-17,0736,30,,5,5,6,0103,0,0,0,,0,006,ELLSWORTH,BLAKE,0.00,,Y,A,-,N,,,,,,,,,,N,3,0,1,2,A,-,12,22450,A,N,D,G,A,A,H,-,A,A,0,,Y,,,Y,,A,01,0,1,0,0,0,0,1,0,0,"- ","- ",37.863639831542969,-122.26280212402344,ALAMEDA,BERKELEY,-122.26280212402344,37.8636474609375
9478339,2022,2022-08-02,0103,2022-06-03,1220,149,,5,5,6,0103,0,0,0,,0,008,"ASHBY AV","TELEGRAPH AV",0.00,,Y,A,-,N,,,,,,,,,,N,3,0,1,2,A,-,05,21650,1,F,D,G,A,-,H,-,-,D,0,,Y,,,Y,,L,04,0,1,0,0,0,0,1,0,0,"- ","- ",37.856189727783203,-122.25968170166016,ALAMEDA,BERKELEY,-122.25977325439453,37.856197357177734
9478354,2022,2022-08-03,0103,2022-06-28,0740,107,19,2,5,6,0103,0,0,0,,0,016,"ROSE AV","JUANITA WY",193.00,W,N,A,-,N,,,,,,,,,,N,3,0,1,2,A,-,09,21804,A,N,D,G,A,A,H,-,A,A,0,,Y,,,Y,,L,04,0,1,0,0,0,0,1,0,0,"- ","- ",37.876590728759766,-122.28871917724609,ALAMEDA,BERKELEY,-122.28713226318359,37.877399444580078
9478357,2022,2022-08-03,0103,2022-06-22,2128,126,,3,5,6,0103,0,0,0,,0,003,"MARTIN LUTHER KING JR WY","BERKELEY WY",0.00,,Y,B,-,N,,,,,,,,,,N,3,0,2,3,A,-,10,21950,A,F,G,B,B,A,H,-,C,A,0,Y,,,,Y,,A,01,0,2,0,0,2,0,0,0,0,"- ","- ",37.872451782226562,-122.27307891845703,ALAMEDA,BERKELEY,-122.27310943603516,37.872451782226562
9478358,2022,2022-08-03,0103,2022-06-22,2013,94,39,3,5,6,0103,0,0,0,,0,008,WEBSTER,TELEGRAPH,0.00,,Y,A,-,N,,,,,,,,,,N,3,0,1,2,A,-,03,22350,,N,C,G,A,A,H,-,B,D,0,,Y,,,Y,,A,01,0,1,0,0,0,0,1,0,0,"- ","- ",37.855190277099609,-122.25981140136719,ALAMEDA,BERKELEY,-122.25988006591797,37.855205535888672
9484247,2022,2022-07-26,0102,2022-04-01,0942,MP0622,5,5,5,3,0102,0,0,0,,0,002,MARIN,"MASONIC AV",0.00,,Y,A,-,N,,,,,,,,,,N,3,0,1,2,A,-,10,21950,A,N,G,B,B,A,H,-,A,A,0,Y,,,,Y,,A,01,0,1,0,0,1,0,0,0,0,"- ","- ",37.887741088867188,-122.29266357421875,ALAMEDA,ALBANY,-122.29264068603516,37.887748718261719
9487161,2022,2022-10-07,0103,2022-08-30,1120,23,25,2,5,6,0103,0,0,0,,0,002,"HEARST AV","HEARST AVE 2607",0.00,,N,A,-,N,,,,,,,,,,N,3,0,1,2,A,-,08,22107,,N,C,G,A,A,H,-,A,A,0,,Y,,,Y,,A,01,0,1,0,0,0,0,1,0,0,"- ","- ",37.875751495361328,-122.25733184814453,ALAMEDA,BERKELEY,-122.257434,37.875521999999997
9487163,2022,2022-09-26,0103,2022-08-27,0925,119,,6,5,6,0103,0,0,0,,0,005,MILVIA,DWIGHT,0.00,,Y,A,-,N,,,,,,,,,,N,3,0,1,2,A,-,09,21801,A,N,D,G,A,A,H,-,A,D,0,,Y,,,Y,,A,01,0,1,0,0,0,0,1,0,0,"- ","- ",37.863651275634766,-122.26979827880859,ALAMEDA,BERKELEY,-122.26985168457031,37.863639831542969
9487170,2022,2022-09-28,0103,2022-08-18,1925,155,,4,5,6,0103,0,0,0,,0,015,HARRISON,9TH,0.00,,Y,A,-,N,,,,,,,,,,N,3,0,1,2,A,-,12,22450,A,N,D,G,A,A,H,-,A,D,0,,Y,,,Y,,L,04,0,1,0,0,0,0,1,0,0,"- ","- ",37.881801605224609,-122.29866790771484,ALAMEDA,BERKELEY,-122.29862976074219,37.881801605224609
9487178,2022,2022-09-28,0103,2022-08-15,1625,61,24,1,5,6,0103,0,0,0,,0,003,VIRGINIA,"MLK JR",0.00,,Y,A,-,N,,,,,,,,,,N,3,0,1,2,A,-,09,21801,A,N,D,G,A,A,H,-,A,A,0,,Y,,,Y,,A,01,0,1,0,0,0,0,1,0,0,"- ","- ",37.876010894775391,-122.27349853515625,ALAMEDA,BERKELEY,-122.27352905273438,37.875995635986328
9487181,2022,2022-09-27,0103,2022-08-14,1630,58,,7,5,6,0103,0,0,0,,0,014,"W FRONTAGE RD",VIRGINIA,0.00,,Y,A,-,N,,,,,,,,,,N,3,0,1,2,A,-,08,22107,,N,D,G,A,A,H,-,A,A,0,,Y,,,Y,,A,01,0,1,0,0,0,0,1,0,0,"- ","- ",37.866439819335938,-122.30555725097656,ALAMEDA,BERKELEY,-122.30546569824219,37.871044158935547
9487182,2022,2022-09-27,0103,2022-08-13,1916,80,,6,5,6,0103,0,0,0,,0,001,SOLANO,"FRESNO AV",0.00,,Y,A,-,N,,,,,,,,,,N,2,0,1,2,A,-,10,21950,A,N,G,B,B,A,H,-,A,D,0,Y,,,,Y,,A,01,1,0,0,0,1,0,0,0,0,"- ","- ",37.891208648681641,-122.27765655517578,ALAMEDA,BERKELEY,-122.27825164794922,37.891422271728516
9487245,2022,2022-09-27,0103,2022-08-05,1300,27,,5,5,6,0103,0,0,0,,0,005,MILVIA,CHANNING,0.00,,Y,A,-,N,,,,,,,,,,N,3,0,1,2,A,-,12,22450,A,N,D,G,A,A,H,-,A,A,0,,Y,,,Y,,A,01,0,1,0,0,0,0,1,0,0,"- ","- ",37.865459442138672,-122.27001190185547,ALAMEDA,BERKELEY,-122.27005767822266,37.865447998046875
9487246,2022,2022-09-27,0103,2022-08-04,1458,34,,4,5,6,0103,0,0,0,,0,015,4TH,CEDAR,0.00,,Y,A,-,N,,,,,,,,,,N,3,0,1,2,A,-,12,22450,A,N,D,G,A,A,H,-,A,A,0,,Y,,,Y,,L,04,0,1,0,0,0,0,1,0,0,"- ","- ",37.874298095703125,-122.30294036865234,ALAMEDA,BERKELEY,-122.30181121826172,37.873645782470703
9487424,2022,2022-10-10,0103,2022-08-22,1551,145,29,1,5,6,0103,0,0,0,,0,004,SHATTUCK,"CENTER ST",88.00,S,N,A,-,N,,,,,,,,,,N,3,0,1,2,A,-,06,21750,,N,B,G,A,A,H,-,A,A,0,,Y,,,Y,,A,08,0,1,0,0,0,0,1,0,0,"- ","- ",37.87030029296875,-122.26804351806641,ALAMEDA,BERKELEY,-122.26799774169922,37.870082855224609
9487432,2022,2022-10-13,0103,2022-08-24,1730,107,35,3,5,6,0103,0,0,0,,0,008,ASHBY,SHATTUCK,0.00,,Y,A,-,Y,ALA,4,13,-,-,12.058,I,5,N,N,2,0,1,2,A,-,10,21950,A,N,G,B,B,A,H,-,A,A,0,Y,,,,Y,,D,22,1,0,0,0,1,0,0,0,0,"- ","- ",37.855461120605469,-122.26686096191406,ALAMEDA,BERKELEY,-122.26652526855469,37.855300903320312
9487483,2022,2022-09-26,0103,2022-07-09,2159,112,,6,5,6,0103,0,0,0,,0,004,"MARTIN LUTHER KING JR",ADDISON,0.00,,Y,A,-,N,,,,,,,,,,Y,2,0,2,3,A,-,10,21950,A,N,G,B,B,A,H,-,C,A,0,Y,,,,Y,,A,01,2,0,0,0,2,0,0,0,0,"- ","- ",37.870578765869141,-122.27288818359375,ALAMEDA,BERKELEY,-122.27291107177734,37.870567321777344
9487484,2022,2022-09-26,0103,2022-07-25,1650,146,3602,1,5,6,0103,0,0,0,,0,006,TELEGRAPH,DERBY,0.00,,Y,A,-,N,,,,,,,,,,Y,2,0,1,2,A,-,10,21950,A,N,G,B,B,A,H,-,A,A,0,Y,,,,Y,,A,01,1,0,0,0,1,0,0,0,0,"- ","- ",37.861400604248047,-122.25894165039062,ALAMEDA,BERKELEY,-122.25894927978516,37.861396789550781
9488683,2022,2022-10-24,0103,2022-07-27,1017,112,,3,5,6,0103,0,0,0,,0,002,OXFORD,"OXFORD 1447",0.00,,N,A,-,N,,,,,,,,,,N,4,0,1,2,A,-,21,22106,,N,C,G,A,A,H,-,A,A,0,,Y,,,Y,,D,22,0,0,1,0,0,0,1,0,0,"- ","- ",37.880828857421875,-122.26683807373047,ALAMEDA,BERKELEY,-122.26588439941406,37.870082855224609
9488725,2022,2022-08-26,0103,2022-07-29,1435,109,18,5,5,6,0103,0,0,0,,0,003,CALIFORNIA,CEDAR,0.00,,Y,A,-,N,,,,,,,,,,N,3,0,1,2,A,-,12,22450,A,N,D,G,A,A,H,-,A,A,0,,Y,,,Y,,A,01,0,1,0,0,0,0,1,0,0,"- ","- ",37.876949310302734,-122.28047180175781,ALAMEDA,BERKELEY,-122.28046417236328,37.876949310302734
9488726,2022,2022-09-12,0103,2022-07-31,1301,2,,7,5,6,0103,0,0,0,,0,004,UNIVERSITY,"GRANT ST",139.00,E,N,A,-,N,,,,,,,,,,Y,2,0,2,3,A,-,08,22107,,N,B,G,A,A,H,-,A,D,0,,Y,,,Y,,-,,1,0,1,0,0,0,1,0,0,"- ","- ",37.871559143066406,-122.27300262451172,ALAMEDA,BERKELEY,-122.27480316162109,37.87139892578125
9488731,2022,2022-08-25,0103,2022-07-14,1239,112,,4,5,6,0103,0,0,0,,0,003,"MARTIN LUTHER KING JR",BERKELEY,0.00,,Y,A,-,N,,,,,,,,,,N,2,0,1,2,A,-,10,21950,A,N,G,B,B,A,H,-,A,A,0,Y,,,,Y,,A,07,1,0,0,0,1,0,0,0,0,"- ","- ",37.872451782226562,-122.27307891845703,ALAMEDA,BERKELEY,-122.27310943603516,37.872451782226562
9488733,2022,2022-08-25,0103,2022-07-10,2035,88,29,7,5,6,0103,0,0,0,,0,004,MILVIA,CENTER,0.00,,Y,A,-,N,,,,,,,,,,N,3,0,2,3,A,-,10,21950,A,N,G,B,B,A,H,-,C,A,0,Y,,,,Y,,A,01,0,2,0,0,2,0,0,0,0,"- ","- ",37.869979858398438,-122.27055358886719,ALAMEDA,BERKELEY,-122.27054595947266,37.869956970214844
9488734,2022,2022-09-19,0103,2022-07-11,1247,112,,1,5,6,0103,0,0,0,,0,003,JOSEPHINE,VIRGINIA,0.00,,Y,A,-,N,,,,,,,,,,N,3,0,1,1,D,-,00,,,N,H,G,A,A,H,-,A,D,0,,Y,,,Y,,-,"- ",0,1,0,0,0,0,1,0,0,"- ","- ",37.875869750976562,-122.27462768554688,ALAMEDA,BERKELEY,-122.27463531494141,37.875869750976562
9488735,2022,2022-08-25,0103,2022-07-06,1600,27,,3,5,6,0103,0,0,0,,0,016,"SANTA FE","OHLONE GREENWAY",0.00,,N,A,-,N,,,,,,,,,,N,3,0,1,2,A,-,10,21950,A,N,G,B,C,A,H,-,A,A,0,Y,,,,Y,,A,01,0,1,0,0,1,0,0,0,0,"- ","- ",37.8814697265625,-122.29009246826172,ALAMEDA,BERKELEY,-122.290485,37.882537999999997
9488737,2022,2022-08-25,0103,2022-07-04,1447,111,,1,5,6,0103,0,0,0,,0,016,HEARST,WEST,0.00,,Y,A,-,N,,,,,,,,,,N,3,0,1,2,A,-,12,22450,A,N,D,G,A,A,C,E,A,A,0,,Y,,,Y,,L,04,0,1,0,0,0,0,1,0,0,"- ","- ",37.871109008789062,-122.28653717041016,ALAMEDA,BERKELEY,-122.28668975830078,37.871307373046875
9488738,2022,2022-08-25,0103,2022-07-05,1227,42,,2,5,6,0103,0,0,0,,0,003,HEARST,CALIFORNIA,0.00,,Y,A,-,N,,,,,,,,,,N,3,0,1,2,A,-,10,21950,A,N,G,B,B,A,H,-,A,A,0,Y,,,,Y,,A,01,0,1,0,0,1,0,0,0,0,"- ","- ",37.842430114746094,-122.27996063232422,ALAMEDA,BERKELEY,-122.27994537353516,37.872421264648438
9492678,2022,2022-10-06,0102,2022-07-14,1030,JL0614,6,4,5,3,0102,0,0,0,,0,002,"SAN PABLO AV",DARTMOUTH,58.00,S,N,A,-,Y,ALA,4,123,-,-,4.210,H,-,S,N,3,0,1,2,A,-,08,22107,,N,D,G,A,A,H,-,A,D,0,,Y,,,Y,,E,22,0,1,0,0,0,0,1,0,0,"- ","- ",37.883739471435547,-122.29701995849609,ALAMEDA,ALBANY,-122.29689788818359,37.883628845214844
9493672,2022,2022-09-14,0102,2022-07-03,1615,LL0615,5,7,5,3,0102,0,0,0,,0,002,SOLANO,MADISON,8.00,E,N,A,-,N,,,,,,,,,,N,3,0,1,2,A,-,10,21950,A,N,G,B,B,A,H,-,A,D,0,Y,,,,Y,,A,01,0,1,0,0,1,0,0,0,0,"- ","- ",37.889961242675781,-122.30072021484375,ALAMEDA,ALBANY,-122.30068969726562,37.889965057373047
9494225,2022,2022-10-27,0103,2022-09-23,1929,51,,5,5,6,0103,0,0,0,,0,011,ASHBY,ACTION,0.00,,Y,A,-,Y,ALA,4,13,-,-,12.890,I,5,S,N,4,0,1,2,A,-,10,21950,A,N,G,B,B,A,H,-,C,D,0,Y,,,,Y,Y,A,01,0,0,1,0,1,0,0,0,0,"- ","- ",37.853199005126953,-122.28138732910156,ALAMEDA,BERKELEY,-122.28137969970703,37.853218078613281
9498887,2022,2022-10-27,0103,2022-09-04,2355,56,,7,5,6,0103,0,0,0,,0,016,"RT 123","DELAWARE ST",135.00,S,N,A,-,Y,ALA,4,123,-,-,3.310,H,-,N,N,2,0,1,2,A,-,11,21954,A,F,G,B,D,A,H,-,D,D,0,Y,,,,Y,,N,60,1,0,0,0,1,0,0,0,0,"- ","- ",37.870418548583984,-122.29254913330078,ALAMEDA,BERKELEY,-122.29280853271484,37.871334075927734
9501620,2022,2022-10-27,0103,2022-09-29,1600,28,,4,5,6,0103,0,0,0,,0,001,"MONTEREY AV","THE ALAMEDA",0.00,,Y,A,-,N,,,,,,,,,,N,3,0,1,2,A,-,05,21650,1,N,D,G,A,A,H,-,A,A,0,,Y,,,Y,,L,04,0,1,0,0,0,0,1,0,0,"- ","- ",37.888851165771484,-122.27657318115234,ALAMEDA,BERKELEY,-122.27641296386719,37.888046264648438
9501625,2022,2022-10-20,0103,2022-09-23,1357,136,,5,5,6,0103,0,0,0,,0,002,CRAGMONT,EUCLID,0.00,,Y,A,-,N,,,,,,,,,,N,3,0,1,2,A,-,09,21801,A,N,D,G,A,A,E,-,A,D,0,,Y,,,Y,,A,01,0,1,0,0,0,0,1,0,0,"- ","- ",37.890769958496094,-122.26393127441406,ALAMEDA,BERKELEY,-122.26390075683594,37.8907470703125
9501628,2022,2022-10-20,0103,2022-09-21,1819,S29,,3,5,6,0103,0,0,0,,0,015,"GILMAN AV",9TH,0.00,,Y,A,-,N,,,,,,,,,,N,2,0,1,2,A,-,10,21950,A,N,G,B,B,A,H,-,A,A,0,Y,,,,Y,,D,23,1,0,0,0,1,0,0,0,0,"- ","- ",,,ALAMEDA,BERKELEY,-122.29808807373047,37.880020141601562
9501869,2022,2022-10-25,0103,2022-09-22,1217,112,,4,5,6,0103,0,0,0,,0,005,MILVIA,DWIGHT,0.00,,Y,A,-,N,,,,,,,,,,N,3,0,1,2,A,-,09,21800,A,N,D,G,A,A,H,-,A,A,0,,Y,,,Y,,A,07,0,1,0,0,0,0,1,0,0,"- ","- ",37.863349914550781,-122.27030944824219,ALAMEDA,BERKELEY,-122.26985168457031,37.863639831542969