CASE_ID,ACCIDENT_YEAR,PROC_DATE,JURIS,COLLISION_DATE,COLLISION_TIME,OFFICER_ID,REPORTING_DISTRICT,DAY_OF_WEEK,CHP_SHIFT,POPULATION,CNTY_CITY_LOC,SPECIAL_COND,BEAT_TYPE,CHP_BEAT_TYPE,CITY_DIVISION_LAPD,CHP_BEAT_CLASS,BEAT_NUMBER,PRIMARY_RD,SECONDARY_RD,DISTANCE,DIRECTION,INTERSECTION,WEATHER_1,WEATHER_2,STATE_HWY_IND,CALTRANS_COUNTY,CALTRANS_DISTRICT,STATE_ROUTE,ROUTE_SUFFIX,POSTMILE_PREFIX,POSTMILE,LOCATION_TYPE,RAMP_INTERSECTION,SIDE_OF_HWY,TOW_AWAY,COLLISION_SEVERITY,NUMBER_KILLED,NUMBER_INJURED,PARTY_COUNT,PRIMARY_COLL_FACTOR,PCF_CODE_OF_VIOL,PCF_VIOL_CATEGORY,PCF_VIOLATION,PCF_VIOL_SUBSECTION,HIT_AND_RUN,TYPE_OF_COLLISION,MVIW,PED_ACTION,ROAD_SURFACE,ROAD_COND_1,ROAD_COND_2,LIGHTING,CONTROL_DEVICE,CHP_ROAD_TYPE,PEDESTRIAN_ACCIDENT,BICYCLE_ACCIDENT,MOTORCYCLE_ACCIDENT,TRUCK_ACCIDENT,NOT_PRIVATE_PROPERTY,ALCOHOL_INVOLVED,STWD_VEHTYPE_AT_FAULT,CHP_VEHTYPE_AT_FAULT,COUNT_SEVERE_INJ,COUNT_VISIBLE_INJ,COUNT_COMPLAINT_PAIN,COUNT_PED_KILLED,COUNT_PED_INJURED,COUNT_BICYCLIST_KILLED,COUNT_BICYCLIST_INJURED,COUNT_MC_KILLED,COUNT_MC_INJURED,PRIMARY_RAMP,SECONDARY_RAMP,LATITUDE,LONGITUDE,COUNTY,CITY,POINT_X,POINT_Y
9501870,2022,2022-10-25,0103,2022-09-23,0830,64,,5,5,6,0103,0,0,0,,0,003,CEDAR,CALIFORNIA,5.00,E,N,A,-,N,,,,,,,,,,N,4,0,2,3,A,-,10,21950,A,N,G,B,B,A,H,-,A,A,0,Y,,,,Y,,A,01,0,0,2,0,2,0,0,0,0,"- ","- ",37.876949310302734,-122.28047180175781,ALAMEDA,BERKELEY,-122.28044128417969,37.876953125
9501873,2022,2022-10-25,0103,2022-09-17,1000,64,,6,5,6,0103,0,0,0,,0,014,DELAWARE,"SAN PABLO",0.00,,Y,A,-,N,,,,,,,,,,N,4,0,1,2,A,-,03,22350,,N,D,G,A,A,H,-,A,A,0,,Y,,,Y,,L,04,0,0,1,0,0,0,1,0,0,"- ","- ",37.871688842773438,-122.29296112060547,ALAMEDA,BERKELEY,-122.29290008544922,37.871677398681641
9501909,2022,2022-10-24,0103,2022-08-15,1401,13,,1,5,6,0103,0,0,0,,0,004,SACRAMENTO,UNIVERSITY,0.00,,Y,A,-,N,,,,,,,,,,N,3,0,1,2,A,-,11,21456,B,N,G,B,B,A,H,-,A,A,0,Y,,,,Y,,N,60,0,1,0,0,1,0,0,0,0,"- ","- ",37.870410919189453,-122.28193664550781,ALAMEDA,BERKELEY,-122.28204345703125,37.870460510253906
9501910,2022,2022-10-24,0103,2022-08-30,1826,83,23,2,5,6,0103,0,0,0,,0,004,UNIVERSITY,GRANT,0.00,,Y,A,-,N,,,,,,,,,,N,3,0,1,2,A,-,10,21950,A,N,A,B,B,A,H,-,A,D,0,Y,,,,Y,,A,01,0,1,0,0,1,0,0,0,0,"- ","- ",37.871261596679688,-122.27523803710938,ALAMEDA,BERKELEY,-122.27527618408203,37.871334075927734
9502056,2022,2022-10-24,0103,2022-09-09,2030,25,,5,5,6,0103,0,0,0,,0,006,BANCROFT,"DANA ST",235.00,W,N,A,-,N,,,,,,,,,,N,2,0,1,2,A,-,08,22107,,F,D,G,A,A,H,-,C,D,0,,Y,,,Y,,-,99,1,0,0,0,0,0,1,0,0,"- ","- ",37.868408203125,-122.26145172119141,ALAMEDA,BERKELEY,-122.26226806640625,37.868331909179688
9502059,2022,2022-10-24,0103,2022-09-08,2110,32,37,4,5,6,0103,0,0,0,,0,007,CLAREMONT,RUSSELL,0.00,,Y,A,-,N,,,,,,,,,,N,2,0,2,3,A,-,03,22350,,N,A,B,B,A,H,-,C,D,0,Y,,,,Y,Y,A,01,2,0,0,0,2,0,0,0,0,"- ","- ",37.858959197998047,-122.24530792236328,ALAMEDA,BERKELEY,-122.24457550048828,37.859020233154297
9502063,2022,2022-10-26,0103,2022-09-05,1953,14,,1,5,6,0103,0,0,0,,0,010,"MLK JR",OREGON,0.00,,Y,A,-,N,,,,,,,,,,N,2,0,1,2,A,-,12,21453,A,N,A,G,A,A,H,-,B,A,0,,Y,,,Y,,L,04,1,0,0,0,0,0,1,0,0,"- ","- ",37.856220245361328,-122.27416229248047,ALAMEDA,BERKELEY,-122.27143096923828,37.857032775878906
9502067,2022,2022-10-26,0103,2022-09-02,1244,100,,5,5,6,0103,0,0,0,,0,008,DANA,WOOLSEY,0.00,,Y,A,-,N,,,,,,,,,,N,3,0,1,2,A,-,09,21801,A,N,B,G,A,A,H,-,A,A,0,,Y,,,Y,,L,04,0,1,0,0,0,0,1,0,0,"- ","- ",37.853168487548828,-122.25833892822266,ALAMEDA,BERKELEY,-122.25832366943359,37.853179931640625
9502072,2022,2022-10-27,0103,2022-09-26,1820,45,,1,5,6,0103,0,0,0,,0,005,HASTE,FULTON,0.00,,Y,A,-,N,,,,,,,,,,N,4,0,1,2,A,-,03,22350,,N,D,G,A,A,H,-,A,D,0,,Y,,,Y,,L,04,0,0,1,0,0,0,1,0,0,"- ","- ",37.865139007568359,-122.26544189453125,ALAMEDA,BERKELEY,-122.26545715332031,37.865161895751953
9502074,2022,2022-10-31,0103,2022-09-28,1205,94,15,3,5,6,0103,0,0,0,,0,002,EUCLID,KEITH,35.00,S,N,A,-,N,,,,,,,,,,N,3,0,1,2,A,-,06,21750,,F,C,G,A,A,H,-,A,D,0,,Y,,,Y,,A,07,0,1,0,0,0,0,1,0,0,"- ","- ",37.890541076660156,-122.26319885253906,ALAMEDA,BERKELEY,-122.26315307617188,37.890472412109375
9502075,2022,2022-10-27,0103,2022-09-29,1416,45,,4,5,6,0103,0,0,0,,0,006,BANCROFT,BOWDITCH,0.00,,Y,A,-,N,,,,,,,,,,N,4,0,1,2,A,-,11,21950,B,N,G,B,B,A,H,-,A,D,0,Y,,,,Y,,N,60,0,0,1,0,1,0,0,0,0,"- ","- ",37.868991851806641,-122.25688934326172,ALAMEDA,BERKELEY,-122.25689697265625,37.869010925292969
9502077,2022,2022-10-27,0103,2022-09-29,1644,S29,17,4,5,6,0103,0,0,0,,0,002,CEDAR,OXFORD,0.00,,Y,A,-,N,,,,,,,,,,N,3,0,1,2,A,-,10,21950,A,N,D,B,B,A,H,-,A,A,0,Y,,,,Y,,A,01,0,1,0,0,1,0,0,0,0,"- ","- ",,,ALAMEDA,BERKELEY,-122.26686859130859,37.878696441650391
9502078,2022,2022-10-27,0103,2022-09-24,1335,73,26,6,5,6,0103,0,0,0,,0,004,UNIVERSITY,OXFORD,0.00,,Y,A,-,N,,,,,,,,,,N,3,0,1,2,A,-,08,22107,,N,B,G,A,A,H,-,A,A,0,,Y,,,Y,,A,08,0,1,0,0,0,0,1,0,0,"- ","- ",37.872451782226562,-122.26608276367188,ALAMEDA,BERKELEY,-122.26616668701172,37.872486114501953
9504023,2021,2023-06-20,0103,2021-07-26,2156,104,3901,1,5,6,0103,0,0,0,,0,008,"RT 13","NEWBURY ST",0.00,,Y,A,-,Y,ALA,4,13,-,-,12.110,H,-,S,Y,1,1,3,4,A,-,10,21950,A,N,G,B,D,A,H,-,C,D,0,Y,,,,Y,,A,07,1,2,0,1,2,0,0,0,0,"- ","- ",37.855449676513672,-122.26686096191406,ALAMEDA,BERKELEY,-122.26724243164062,37.855205535888672
9504162,2022,2022-09-30,0103,2022-08-05,0037,32,,5,5,6,0103,0,0,0,,0,016,"GILMAN ST","RT 123",0.00,,Y,A,-,Y,ALA,4,123,-,-,3.980,I,5,S,N,3,0,1,2,A,-,09,21801,A,N,D,G,A,A,H,-,C,A,0,,Y,,,Y,Y,A,01,0,1,0,0,0,0,1,0,0,"- ","- ",37.880470275878906,-122.29579925537109,ALAMEDA,BERKELEY,-122.2958984375,37.880466461181641
9510535,2022,2023-01-31,0103,2022-10-31,1730,140,,1,5,6,0103,0,0,0,,0,005,"FULTON ST","FULTON ST 2606",0.00,,N,A,-,N,,,,,,,,,,N,3,0,1,2,A,-,17,22517,,N,H,G,A,A,H,-,A,A,0,,Y,,,Y,,A,01,0,1,0,0,0,0,1,0,0,"- ","- ",37.862049102783203,-122.26502227783203,ALAMEDA,BERKELEY,-122.26481800000001,37.861975000000001
9510935,2022,2022-12-28,0103,2022-08-26,1922,702,,5,5,6,0103,0,0,0,,0,015,CEDAR,6TH,0.00,,Y,A,-,N,,,,,,,,,,N,4,0,1,2,A,-,12,21453,A,N,D,G,A,A,H,-,A,A,0,,Y,,,Y,,L,04,0,0,1,0,0,0,1,0,0,"- ","- ",37.874088287353516,-122.29962921142578,ALAMEDA,BERKELEY,-122.29965972900391,37.874088287353516
9511553,2022,2022-12-19,0103,2022-10-05,1259,146,29,3,5,6,0103,0,0,0,,0,004,OXFORD,CENTER,0.00,,Y,A,-,N,,,,,,,,,,N,4,0,1,2,A,-,10,21950,A,N,G,B,B,A,H,-,A,A,0,Y,,,,Y,,A,01,0,0,1,0,1,0,0,0,0,"- ","- ",,,ALAMEDA,BERKELEY,-122.26593780517578,37.870586395263672
9513450,2022,2022-11-29,0102,2022-09-14,1455,JL0614,2,3,5,3,0102,0,0,0,,0,001,"SAN PABLO",WASHINGTON,9.00,N,N,A,-,Y,ALA,4,123,-,-,4.770,I,5,S,N,2,0,1,2,A,-,10,21950,,N,D,B,-,A,H,-,A,D,0,Y,,,,Y,,A,01,1,0,0,0,1,0,0,0,0,"- ","- ",37.892131805419922,-122.29981231689453,ALAMEDA,ALBANY,-122.29950714111328,37.891796112060547
9513458,2022,2022-11-29,0102,2022-09-27,1508,TP237998,6,2,5,3,0102,0,0,0,,0,002,"SAN PABLO AV","MONROE ST",0.00,,Y,A,-,Y,ALA,4,123,-,-,4.280,I,5,N,N,2,0,1,2,A,-,11,21456,C,N,G,B,B,A,H,-,A,A,0,Y,,,,Y,,N,60,1,0,0,0,1,0,0,0,0,"- ","- ",37.884639739990234,-122.29712677001953,ALAMEDA,ALBANY,-122.29712677001953,37.884620666503906
9514270,2023,2024-03-01,0103,2023-12-05,1138,150,,2,5,6,0103,0,0,0,,0,014,"SAN PABLO",CEDAR,0.00,,Y,A,-,Y,ALA,4,123,-,-,3.600,I,5,N,N,3,0,1,2,A,-,08,22107,,N,B,G,A,A,H,-,A,A,0,,Y,,,Y,,L,04,0,1,0,0,0,0,1,0,0,"- ","- ",37.875198364257812,-122.29409027099609,ALAMEDA,BERKELEY,-122.29409790039062,37.875190734863281
9519137,2022,2023-02-09,0103,2022-12-31,1700,87,17,6,5,6,0103,0,0,0,,0,001,SHATTUCK,CEDAR,0.00,,Y,C,-,N,,,,,,,,,,N,2,0,1,2,B,-,22,,,N,G,B,F,B,G,-,D,D,0,Y,,,,Y,,A,01,1,0,0,0,1,0,0,0,0,"- ","- ",37.878768920898438,-122.26997375488281,ALAMEDA,BERKELEY,-122.26914215087891,37.878406524658203
9519140,2022,2023-02-07,0103,2022-12-29,1845,61,20,4,5,6,0103,0,0,0,,0,013,9TH,"CARLETON ST",91.00,N,N,-,-,N,,,,,,,,,,N,3,0,1,2,A,-,11,21954,A,N,G,B,D,B,A,H,C,D,0,Y,,,,Y,,N,60,0,1,0,0,1,0,0,0,0,"- ","- ",37.857498168945312,-122.29081726074219,ALAMEDA,BERKELEY,-122.2908935546875,37.857734680175781
9519142,2022,2023-02-02,0103,2022-12-26,1859,122,,1,5,6,0103,0,0,0,,0,001,SOLANO,TULARE,0.00,,Y,A,-,N,,,,,,,,,,N,3,0,1,2,A,-,10,21950,A,F,B,B,B,-,H,-,C,D,0,Y,,,,Y,,A,01,0,1,0,0,1,0,0,0,0,"- ","- ",37.891429901123047,-122.28256225585938,ALAMEDA,BERKELEY,-122.28241729736328,37.891197204589844
9519143,2022,2023-02-02,0103,2022-12-23,1307,119,35,5,5,6,0103,0,0,0,,0,010,WARD,"MARTIN LUTHER KING JR",0.00,,Y,A,-,N,,,,,,,,,,N,3,0,1,2,A,-,08,22107,,N,G,G,A,A,H,-,A,D,0,,Y,,,Y,,L,04,0,1,0,0,0,0,1,0,0,"- ","- ",37.858860015869141,-122.27159881591797,ALAMEDA,BERKELEY,-122.27162933349609,37.858840942382812
9519145,2022,2023-02-02,0103,2022-12-21,2012,119,24,3,5,6,0103,0,0,0,,0,003,SHATTUCK,DELAWARE,0.00,,Y,A,-,N,,,,,,,,,,N,3,0,1,2,A,-,10,21950,A,N,G,B,B,A,H,-,A,D,0,Y,,,,Y,,A,01,0,1,0,0,1,0,0,0,0,"- ","- ",37.874790191650391,-122.2686767578125,ALAMEDA,BERKELEY,-122.26874542236328,37.874782562255859
9519146,2022,2023-02-02,0103,2022-12-19,1630,25,,1,5,6,0103,0,0,0,,0,006,TELEGRAPH,"BLAKE ST",40.00,N,N,A,-,N,,,,,,,,,,N,3,0,1,2,A,-,08,22107,,N,G,B,E,A,H,-,A,D,0,Y,,,,Y,,A,01,0,1,0,0,1,0,0,0,0,"- ","- ",37.867210388183594,-122.25653076171875,ALAMEDA,BERKELEY,-122.25855255126953,37.864269256591797
9519148,2022,2023-02-09,0103,2022-12-17,1655,51,,6,5,6,0103,0,0,0,,0,011,"ASHBY AV","SAN PABLO",0.00,,Y,A,-,Y,ALA,4,13,-,-,13.180,I,5,N,N,3,0,1,2,A,-,12,21453,A,N,D,G,A,A,H,-,-,A,0,,Y,,,Y,,L,04,0,1,0,0,0,0,1,0,0,"- ","- ",37.852500915527344,-122.28645324707031,ALAMEDA,BERKELEY,-122.28667449951172,37.852169036865234
9519150,2022,2023-02-02,0103,2022-12-16,0830,107,29,5,5,6,0103,0,0,0,,0,004,"MILVIA ST","ADDISON ST",100.00,S,N,A,-,N,,,,,,,,,,N,3,0,1,2,A,-,17,22517,,N,D,G,A,-,H,-,A,A,0,,Y,,,Y,,A,08,0,1,0,0,0,0,1,0,0,"- ","- ",37.869049072265625,-122.27040100097656,ALAMEDA,BERKELEY,-122.27060699462891,37.870586395263672
9519151,2022,2023-02-02,0103,2022-12-13,1745,23,,2,5,6,0103,0,0,0,,0,007,BELROSE,"CLAREMONT AV",0.00,,Y,A,-,N,,,,,,,,,,N,3,0,1,2,A,-,10,21950,A,N,G,B,B,A,H,-,C,A,0,Y,,,,Y,,A,01,0,1,0,0,1,0,0,0,0,"- ","- ",37.862251281738281,-122.25124359130859,ALAMEDA,BERKELEY,-122.2457275390625,37.860740661621094
9519154,2022,2023-02-02,0103,2022-12-12,0105,111,,1,5,6,0103,0,0,0,,0,010,WARD,"MARTIN LUTHER KING JR",0.00,,Y,A,-,N,,,,,,,,,,N,3,0,1,2,A,-,09,21802,A,N,D,G,A,A,G,-,A,A,0,,Y,,,Y,,L,04,0,1,0,0,0,0,1,0,0,"- ","- ",37.858860015869141,-122.27159881591797,ALAMEDA,BERKELEY,-122.27162933349609,37.858840942382812
9519156,2022,2023-02-02,0103,2022-12-09,1040,73,23,5,5,6,0103,0,0,0,,0,003,UNIVERSITY,CALIFORNIA,0.00,,Y,A,-,N,,,,,,,,,,N,3,0,1,2,A,-,10,21950,A,N,G,B,B,A,H,-,A,A,0,Y,,,,Y,,A,01,0,1,0,0,1,0,0,0,0,"- ","- ",37.870441436767578,-122.279541015625,ALAMEDA,BERKELEY,-122.27976226806641,37.870750427246094
9520163,2022,2022-12-20,0103,2022-10-20,1155,S29,29,4,5,6,0103,0,0,0,,0,005,BANCROFT,SHATTUCK,0.00,,Y,A,-,N,,,,,,,,,,N,1,1,0,2,A,-,10,21950,A,N,G,B,B,A,H,-,A,A,0,Y,,,Y,Y,,F,27,0,0,0,1,0,0,0,0,0,"- ","- ",,,ALAMEDA,BERKELEY,-122.26782989501953,37.867591857910156
9528752,2022,2022-12-06,0103,2022-10-14,1353,7,20,5,5,6,0103,0,0,0,,0,015,GILMAN,10TH,0.00,,Y,A,-,N,,,,,,,,,,N,3,0,1,2,A,-,10,21950,A,N,G,B,B,A,H,-,-,D,0,Y,,,,Y,,D,22,0,1,0,0,1,0,0,0,0,"- ","- ",37.8802490234375,-122.29695892333984,ALAMEDA,BERKELEY,-122.29696655273438,37.880252838134766
9528799,2022,2022-12-06,0103,2022-10-06,1355,118,,4,5,6,0103,0,0,0,,0,004,OXFORD,UNIVERSITY,0.00,,Y,A,-,N,,,,,,,,,,N,3,0,1,2,D,-,00,,,N,C,G,A,A,H,-,A,A,0,,Y,,,Y,,-,"- ",0,1,0,0,0,0,1,0,0,"- ","- ",37.872451782226562,-122.26608276367188,ALAMEDA,BERKELEY,-122.26616668701172,37.872486114501953
9529687,2022,2022-12-08,0103,2022-09-29,1830,10,,4,5,6,0103,0,0,0,,0,012,"ALLSTON WY","SAN PABLO AV",0.00,,Y,A,-,Y,ALA,4,123,-,-,2.950,I,6,S,N,3,0,1,2,A,-,03,22350,,N,C,G,A,A,H,-,A,A,0,,Y,,,Y,,A,01,0,1,0,0,0,0,1,0,0,"- ","- ",37.866378784179688,-122.29122924804688,ALAMEDA,BERKELEY,-122.29135894775391,37.86639404296875
9529704,2022,2022-12-06,0103,2022-10-04,1153,108,,2,5,6,0103,0,0,0,,0,013,"SAN PABLO AV","FOLGER ST",96.00,S,N,A,-,Y,ALA,4,123,-,-,1.850,I,5,S,N,3,0,1,2,A,-,11,21954,A,N,G,B,D,A,H,-,A,D,0,Y,,,,Y,Y,N,60,0,1,0,0,1,0,0,0,0,"- ","- ",37.850360870361328,-122.28730010986328,ALAMEDA,BERKELEY,-122.28645324707031,37.851116180419922
9529716,2022,2022-12-06,0103,2022-10-13,1638,S32,,4,5,6,0103,0,0,0,,0,011,"RT 13","RT 123",0.00,,Y,A,-,Y,ALA,4,13,-,-,13.180,I,5,N,N,2,0,1,2,A,-,12,21453,A,N,D,G,A,A,H,-,A,A,0,,Y,,,Y,Y,L,04,1,0,0,0,0,0,1,0,0,"- ","- ",37.852138519287109,-122.28668212890625,ALAMEDA,BERKELEY,-122.28667449951172,37.852169036865234
9529748,2022,2022-12-05,0103,2022-10-24,1457,108,,1,5,6,0103,0,0,0,,0,014,"DELAWARE ST","SAN PABLO AV",22.00,E,N,A,-,Y,ALA,4,123,-,-,3.340,I,5,S,N,3,0,1,2,A,-,10,21950,A,N,D,B,B,-,H,-,A,A,0,Y,,,,Y,,A,01,0,1,0,0,1,0,0,0,0,"- ","- ",37.871688842773438,-122.29296112060547,ALAMEDA,BERKELEY,-122.29305267333984,37.871688842773438
9530228,2022,2022-12-06,0103,2022-10-01,2224,109,,6,5,6,0103,0,0,0,,0,006,"CHANNING ST",TELEGRAPH,0.00,,Y,A,-,N,,,,,,,,,,Y,3,0,1,2,A,-,03,22350,,F,G,B,B,A,H,-,C,A,0,Y,,,,Y,,A,01,0,1,0,0,1,0,0,0,0,"- ","- ",37.866909027099609,-122.25879669189453,ALAMEDA,BERKELEY,-122.25882720947266,37.866897583007812
9530272,2022,2022-11-29,0103,2022-10-26,1303,2,,3,5,6,0103,0,0,0,,0,003,HENRY,HEARST,0.00,,Y,A,-,N,,,,,,,,,,N,3,0,1,2,A,-,10,21950,A,N,G,B,B,A,H,-,A,A,0,Y,,,,Y,,A,01,0,1,0,0,1,0,0,0,0,"- ","- ",37.873729705810547,-122.26976013183594,ALAMEDA,BERKELEY,-122.26976776123047,37.87371826171875
9530276,2022,2022-11-29,0103,2022-10-24,1852,144,,1,5,6,0103,0,0,0,,0,007,CLAREMONT,RUSSELL,0.00,,Y,A,-,N,,,,,,,,,,N,3,0,1,2,A,-,09,21802,A,N,D,G,A,A,H,-,A,D,0,,Y,,,Y,,A,07,0,1,0,0,0,0,1,0,0,"- ","- ",,,ALAMEDA,BERKELEY,-122.24457550048828,37.859020233154297
9530278,2022,2022-11-29,0103,2022-10-23,1203,28,,7,5,6,0103,0,0,0,,0,002,EUCLID,"LE CONTE",0.00,,Y,A,-,N,,,,,,,,,,N,3,0,1,2,A,-,10,21950,A,N,G,B,B,A,H,-,A,A,0,Y,,,,Y,,A,01,0,1,0,0,1,0,0,0,0,"- ","- ",37.876941680908203,-122.26051330566406,ALAMEDA,BERKELEY,-122.26052093505859,37.876941680908203
9530279,2022,2022-12-08,0103,2022-10-20,1731,19,21,4,5,6,0103,0,0,0,,0,014,UNIVERSITY,"SAN PABLO",0.00,,Y,A,-,N,,,,,,,,,,N,3,0,1,2,D,-,00,,,N,D,G,A,A,H,-,B,D,0,,Y,,,Y,,-,"- ",0,1,0,0,0,0,1,0,0,"- ","- ",37.868198394775391,-122.29662322998047,ALAMEDA,BERKELEY,-122.29209136962891,37.869148254394531
9530282,2022,2022-11-29,0103,2022-10-19,1353,S29,24,3,5,6,0103,0,0,0,,0,004,MILVIA,UNIVERSITY,0.00,,Y,A,-,N,,,,,,,,,,N,4,0,1,2,A,-,12,21453,A,N,D,G,A,A,H,-,A,A,0,,Y,,,Y,,L,04,0,0,1,0,0,0,1,0,0,"- ","- ",,,ALAMEDA,BERKELEY,-122.27075958251953,37.871902465820312
9530284,2022,2022-11-29,0103,2022-10-17,2040,95,,1,5,6,0103,0,0,0,,0,008,WOOLSEY,SHATTUCK,0.00,,Y,A,-,N,,,,,,,,,,N,3,0,1,2,A,-,03,22350,,F,C,G,A,-,H,-,C,D,0,,Y,,,Y,,A,01,0,1,0,0,0,0,1,0,0,"- ","- ",37.852378845214844,-122.26612091064453,ALAMEDA,BERKELEY,-122.26615142822266,37.852363586425781
9530285,2022,2022-11-29,0103,2022-10-16,1220,27,,7,5,6,0103,0,0,0,,0,003,HEARST,SHATTUCK,0.00,,Y,B,-,N,,,,,,,,,,N,4,0,1,2,A,-,17,21208,A,N,B,G,A,A,H,-,A,A,0,,Y,,,Y,,L,04,0,0,1,0,0,0,1,0,0,"- ","- ",37.873889923095703,-122.26857757568359,ALAMEDA,BERKELEY,-122.26860046386719,37.873836517333984
9530287,2022,2022-11-29,0103,2022-10-14,1527,15,3602,5,5,6,0103,0,0,0,,0,006,PARKER,TELEGRAPH,0.00,,Y,A,-,N,,,,,,,,,,N,4,0,2,3,A,-,10,21950,C,N,G,B,B,A,H,-,A,A,0,Y,,,,Y,,A,01,0,0,2,0,2,0,0,0,0,"- ","- ",37.863258361816406,-122.25868988037109,ALAMEDA,BERKELEY,-122.25871276855469,37.863235473632812
9530288,2022,2022-11-29,0103,2022-10-11,1815,45,,2,5,6,0103,0,0,0,,0,005,ALLSTON,GRANT,0.00,,Y,A,-,N,,,,,,,,,,N,4,0,1,2,A,-,12,22450,A,N,D,G,A,A,H,-,D,A,0,,Y,,,Y,,L,04,0,0,1,0,0,0,1,0,0,"- ","- ",37.868488311767578,-122.27496337890625,ALAMEDA,BERKELEY,-122.27507019042969,37.868446350097656
9530289,2022,2022-11-29,0103,2022-10-11,1509,5,,2,5,6,0103,0,0,0,,0,004,CENTER,MILVIA,0.00,,Y,A,-,N,,,,,,,,,,N,3,0,1,2,A,-,03,22350,,N,D,G,A,A,H,-,A,D,0,,Y,,,Y,,L,04,0,1,0,0,0,0,1,0,0,"- ","- ",37.870578765869141,-122.26966094970703,ALAMEDA,BERKELEY,-122.27054595947266,37.869956970214844
9530291,2022,2022-11-29,0103,2022-10-10,1055,S12,,1,5,6,0103,0,0,0,,0,008,STUART,TELEGRAPH,0.00,,Y,A,-,N,,,,,,,,,,N,4,0,1,2,A,-,12,21453,A,N,D,G,A,A,H,-,-,A,0,,Y,,,Y,,L,04,0,0,1,0,0,0,1,0,0,"- ","- ",37.860061645507812,-122.25791931152344,ALAMEDA,BERKELEY,-122.25922393798828,37.859527587890625
9530292,2022,2022-11-29,0103,2022-10-08,0830,73,23,6,5,6,0103,0,0,0,,0,003,SACRAMENTO,"LINCOLN ST",100.00,N,N,A,-,N,,,,,,,,,,N,2,0,1,2,A,-,04,21703,,F,C,G,A,A,H,-,A,D,0,,Y,,,Y,,A,01,1,0,0,0,0,0,1,0,0,"- ","- ",37.876880645751953,-122.27639007568359,ALAMEDA,BERKELEY,-122.28267669677734,37.876125335693359
9530294,2022,2022-11-29,0103,2022-10-06,1510,87,28,4,5,6,0103,0,0,0,,0,006,CHANNING,DANA,0.00,,Y,A,-,N,,,,,,,,,,N,3,0,1,2,A,-,08,22107,,N,G,B,B,A,H,-,A,A,0,Y,,,,Y,,A,01,0,1,0,0,1,0,0,0,0,"- ","- ",37.866611480712891,-122.26109313964844,ALAMEDA,BERKELEY,-122.26107025146484,37.866619110107422
9530297,2022,2022-11-29,0103,2022-10-04,1915,155,,2,5,6,0103,0,0,0,,0,016,UNIVERSITY,ACTON,0.00,,Y,A,-,N,,,,,,,,,,N,3,0,1,2,A,-,10,21950,A,N,G,B,B,A,H,-,C,A,0,Y,,,,Y,,A,01,0,1,0,0,1,0,0,0,0,"- ","- ",37.870109558105469,-122.28424835205078,ALAMEDA,BERKELEY,-122.28426361083984,37.870182037353516
9530298,2022,2022-11-29,0103,2022-10-04,1526,S32,,2,5,6,0103,0,0,0,,0,012,BANCROFT,SACRAMENTO,0.00,,Y,A,-,N,,,,,,,,,,N,3,0,2,3,A,-,10,21950,A,N,A,B,B,A,H,-,A,A,0,Y,,,,Y,,A,01,0,2,0,0,2,0,0,0,0,"- ","- ",37.865821838378906,-122.28147888183594,ALAMEDA,BERKELEY,-122.28157806396484,37.865798950195312
9530299,2022,2022-11-29,0103,2022-10-04,1030,118,,2,5,6,0103,0,0,0,,0,008,OREGON,SHATTUCK,0.00,,Y,A,-,N,,,,,,,,,,N,3,0,1,2,A,-,12,21453,A,N,G,B,B,A,H,-,A,A,0,Y,,,,Y,,A,01,0,1,0,0,1,0,0,0,0,"- ","- ",,,ALAMEDA,BERKELEY,-122.26680755615234,37.857616424560547
9536168,2022,2023-01-04,0103,2022-11-16,1045,S32,,3,5,6,0103,0,0,0,,0,012,"RT 123","ADDISON ST",0.00,,Y,A,-,Y,ALA,4,123,-,-,3.080,I,5,N,N,3,0,1,2,A,-,21,22106,,N,G,B,B,-,H,-,A,A,0,Y,,,,Y,,A,01,0,1,0,0,1,0,0,0,0,"- ","- ",37.867828369140625,-122.291259765625,ALAMEDA,BERKELEY,-122.29180145263672,37.868129730224609
9536172,2022,2023-01-04,0103,2022-11-29,1645,108,,2,5,6,0103,0,0,0,,0,013,"RT 123","CHANNING WY",0.00,,Y,A,-,Y,ALA,4,123,-,-,2.700,I,5,S,N,3,0,1,2,A,-,09,21802,A,N,D,G,A,A,H,-,A,D,0,,Y,,,Y,,A,01,0,1,0,0,0,0,1,0,0,"- ","- ",37.861091613769531,-122.28955078125,ALAMEDA,BERKELEY,-122.29021453857422,37.862869262695312