CASE_ID,ACCIDENT_YEAR,PROC_DATE,JURIS,COLLISION_DATE,COLLISION_TIME,OFFICER_ID,REPORTING_DISTRICT,DAY_OF_WEEK,CHP_SHIFT,POPULATION,CNTY_CITY_LOC,SPECIAL_COND,BEAT_TYPE,CHP_BEAT_TYPE,CITY_DIVISION_LAPD,CHP_BEAT_CLASS,BEAT_NUMBER,PRIMARY_RD,SECONDARY_RD,DISTANCE,DIRECTION,INTERSECTION,WEATHER_1,WEATHER_2,STATE_HWY_IND,CALTRANS_COUNTY,CALTRANS_DISTRICT,STATE_ROUTE,ROUTE_SUFFIX,POSTMILE_PREFIX,POSTMILE,LOCATION_TYPE,RAMP_INTERSECTION,SIDE_OF_HWY,TOW_AWAY,COLLISION_SEVERITY,NUMBER_KILLED,NUMBER_INJURED,PARTY_COUNT,PRIMARY_COLL_FACTOR,PCF_CODE_OF_VIOL,PCF_VIOL_CATEGORY,PCF_VIOLATION,PCF_VIOL_SUBSECTION,HIT_AND_RUN,TYPE_OF_COLLISION,MVIW,PED_ACTION,ROAD_SURFACE,ROAD_COND_1,ROAD_COND_2,LIGHTING,CONTROL_DEVICE,CHP_ROAD_TYPE,PEDESTRIAN_ACCIDENT,BICYCLE_ACCIDENT,MOTORCYCLE_ACCIDENT,TRUCK_ACCIDENT,NOT_PRIVATE_PROPERTY,ALCOHOL_INVOLVED,STWD_VEHTYPE_AT_FAULT,CHP_VEHTYPE_AT_FAULT,COUNT_SEVERE_INJ,COUNT_VISIBLE_INJ,COUNT_COMPLAINT_PAIN,COUNT_PED_KILLED,COUNT_PED_INJURED,COUNT_BICYCLIST_KILLED,COUNT_BICYCLIST_INJURED,COUNT_MC_KILLED,COUNT_MC_INJURED,PRIMARY_RAMP,SECONDARY_RAMP,LATITUDE,LONGITUDE,COUNTY,CITY,POINT_X,POINT_Y
9536239,2022,2022-12-27,0103,2022-11-10,2154,12,,4,5,6,0103,0,0,0,,0,005,SHATTUCK,DERBY,0.00,,Y,A,-,N,,,,,,,,,,N,3,0,1,2,A,-,10,21950,A,N,G,B,B,A,H,-,C,D,0,Y,,,,Y,,A,01,0,1,0,0,1,0,0,0,0,"- ","- ",37.860569000244141,-122.26744079589844,ALAMEDA,BERKELEY,-122.26712036132812,37.860336303710938
9536284,2022,2023-01-12,0103,2022-11-07,0108,80,36,1,5,6,0103,0,0,0,,0,006,HILLEGASS,PARKER,0.00,,Y,A,-,N,,,,,,,,,,N,3,0,1,2,A,-,12,22450,A,F,D,G,A,B,H,-,C,A,0,,Y,,,Y,,A,01,0,1,0,0,0,0,1,0,0,"- ","- ",37.863788604736328,-122.25602722167969,ALAMEDA,BERKELEY,-122.25630187988281,37.863441467285156
9537385,2022,2023-01-06,0103,2022-11-15,2006,14,,2,5,6,0103,0,0,0,,0,002,"HEARST ST","EUCLID AV",0.00,,Y,A,-,N,,,,,,,,,,N,2,0,1,2,A,-,09,21801,A,N,A,G,A,A,H,-,C,A,0,,Y,,,Y,,L,04,1,0,0,0,0,0,1,0,0,"- ","- ",37.875080108642578,-122.26013946533203,ALAMEDA,BERKELEY,-122.26013946533203,37.875087738037109
9537393,2022,2023-01-06,0103,2022-11-29,1515,25,,2,5,6,0103,0,0,0,,0,006,"PARKER AV","BENVENUE AV",0.00,,Y,A,-,N,,,,,,,,,,N,2,0,1,2,A,-,08,22107,,N,H,G,A,A,H,-,A,D,0,,Y,,,Y,,A,01,1,0,0,0,0,0,1,0,0,"- ","- ",37.863529205322266,-122.25499725341797,ALAMEDA,BERKELEY,-122.25499725341797,37.863529205322266
9537398,2022,2023-01-06,0103,2022-11-26,1013,150,,6,5,6,0103,0,0,0,,0,002,"OXFORD ST","VIRGINIA ST",0.00,,Y,A,-,N,,,,,,,,,,N,3,0,1,2,A,-,05,21460,A,N,B,G,A,A,H,-,A,A,0,,Y,,,Y,,A,01,0,1,0,0,0,0,1,0,0,"- ","- ",37.876888275146484,-122.26666259765625,ALAMEDA,BERKELEY,-122.26666259765625,37.876869201660156
9537406,2022,2023-01-11,0103,2022-11-03,0928,87,16,4,5,6,0103,0,0,0,,0,002,EUNICE,EUCLID,0.00,,Y,A,-,N,,,,,,,,,,N,3,0,1,2,A,-,08,22107,,N,B,B,B,A,H,-,A,A,0,Y,,,,Y,,A,01,0,1,0,0,1,0,0,0,0,"- ","- ",37.886650085449219,-122.26235198974609,ALAMEDA,BERKELEY,-122.26235961914062,37.886562347412109
9537407,2022,2023-01-11,0103,2022-11-03,0845,122,,4,5,6,0103,0,0,0,,0,001,SPRUCE,WASHINGTON,0.00,,Y,A,-,N,,,,,,,,,,N,3,0,1,2,D,-,00,,,N,G,B,D,A,H,-,A,D,0,Y,,,,Y,,-,"- ",0,1,0,0,1,0,0,0,0,"- ","- ",37.901851654052734,-122.27018737792969,ALAMEDA,BERKELEY,,
9537412,2022,2023-01-13,0103,2022-11-09,0823,85,,3,5,6,0103,0,0,0,,0,006,BANCROFT,COLLEGE,359.00,W,N,B,-,N,,,,,,,,,,N,3,0,1,2,A,-,08,22107,,N,B,G,A,B,H,-,A,D,0,,Y,,,Y,Y,A,01,0,1,0,0,0,0,1,0,0,"- ","- ",37.869289398193359,-122.25460815429688,ALAMEDA,BERKELEY,-122.25586700439453,37.869136810302734
9537414,2022,2023-01-11,0103,2022-11-09,1523,14,,3,5,6,0103,0,0,0,,0,010,STUART,"MILVIA ST",0.00,,Y,A,-,N,,,,,,,,,,N,4,0,1,2,A,-,12,22450,A,N,G,B,B,A,H,-,A,A,0,Y,,,,Y,,A,01,0,0,1,0,1,0,0,0,0,"- ","- ",37.858219146728516,-122.26923370361328,ALAMEDA,BERKELEY,-122.26924133300781,37.858211517333984
9537415,2022,2023-01-11,0103,2022-11-09,2205,25,,3,5,6,0103,0,0,0,,0,006,HILLGASS,PARKER,0.00,,Y,A,-,N,,,,,,,,,,N,3,0,1,2,A,-,12,22450,A,N,D,G,A,A,H,-,C,A,0,,Y,,,Y,,L,04,0,1,0,0,0,0,1,0,0,"- ","- ",37.863788604736328,-122.25602722167969,ALAMEDA,BERKELEY,-122.25630187988281,37.863441467285156
9537416,2022,2023-01-11,0103,2022-11-10,0714,85,,4,5,6,0103,0,0,0,,0,005,"MARTIN LUTHER KING JR",CARLETON,0.00,,Y,A,-,N,,,,,,,,,,N,2,0,1,2,A,-,08,22107,,F,B,B,B,A,H,-,A,D,0,Y,,,,Y,,A,07,1,0,0,0,1,0,0,0,0,"- ","- ",37.860630035400391,-122.27179718017578,ALAMEDA,BERKELEY,-122.27180480957031,37.860633850097656
9537417,2022,2023-01-11,0103,2022-11-05,1853,56,13,6,5,6,0103,0,0,0,,0,001,SOLANO,FRESNO,0.00,,Y,C,-,N,,,,,,,,,,N,3,0,1,2,A,-,09,21801,A,N,D,G,A,B,H,-,C,D,0,,Y,,,Y,,A,01,0,1,0,0,0,0,1,0,0,"- ","- ",37.891429901123047,-122.27819061279297,ALAMEDA,BERKELEY,-122.27825164794922,37.891422271728516
9537419,2022,2023-01-11,0103,2022-11-16,0850,124,,3,5,6,0103,0,0,0,,0,016,ACTON,CEDAR,0.00,,Y,A,-,N,,,,,,,,,,N,4,0,1,2,A,-,08,22107,,N,A,B,B,A,H,-,A,A,0,Y,,,,Y,,A,01,0,0,1,0,1,0,0,0,0,"- ","- ",37.875198364257812,-122.28486633300781,ALAMEDA,BERKELEY,-122.28499603271484,37.876392364501953
9537420,2022,2023-01-11,0103,2022-11-13,1559,153,,7,5,6,0103,0,0,0,,0,001,"MARTIN LUTHER KING JR",ROSE,0.00,,Y,A,-,N,,,,,,,,,,N,3,0,1,2,A,-,09,21801,A,N,D,G,A,A,H,-,B,A,0,,Y,,,Y,,A,07,0,1,0,0,0,0,1,0,0,"- ","- ",37.881439208984375,-122.27410125732422,ALAMEDA,BERKELEY,-122.27410125732422,37.881439208984375
9537500,2022,2023-01-10,0103,2022-11-01,0655,112,,2,5,6,0103,0,0,0,,0,014,UNIVERSITY,10TH,0.00,,Y,B,C,N,,,,,,,,,,N,4,0,1,2,A,-,10,21950,A,N,G,B,B,B,H,-,C,A,0,Y,,,Y,Y,,F,26,0,0,1,0,1,0,0,0,0,"- ","- ",37.868869781494141,-122.29329681396484,ALAMEDA,BERKELEY,-122.2933349609375,37.868930816650391
9540002,2022,2023-01-25,0102,2022-11-12,2500,LL0615,2,6,5,3,0102,0,0,0,,0,001,PORTLAND,MASONIC,14.00,W,N,A,-,N,,,,,,,,,,N,3,0,1,2,A,-,11,21950,B,N,G,B,C,A,H,-,A,D,0,Y,,,,Y,,N,60,0,1,0,0,1,0,0,0,0,"- ","- ",37.894500732421875,-122.29485321044922,ALAMEDA,ALBANY,-122.29488372802734,37.894489288330078
9540406,2022,2023-02-01,0102,2022-12-29,1429,MD236619,1,4,5,3,0102,0,0,0,,0,001,"SAN PABLO","BRIGHTON AV",0.00,,Y,C,-,N,,,,,,,,,,N,3,0,1,2,A,-,10,21950,A,N,G,B,B,B,H,-,A,A,0,Y,,,,Y,,A,01,0,1,0,0,1,0,0,0,0,"- ","- ",37.896751403808594,-122.30095672607422,ALAMEDA,ALBANY,-122.30100250244141,37.896732330322266
9540460,2022,2023-01-25,0102,2022-11-01,2143,JP241113,5,2,5,3,0102,0,0,0,,0,002,STANNAGE,SOLANO,0.00,,Y,A,-,N,,,,,,,,,,N,4,0,1,2,A,-,10,21950,A,N,G,B,B,A,H,-,C,A,0,Y,,,,Y,,A,01,0,0,1,0,1,0,0,0,0,"- ","- ",37.890380859375,-122.29709625244141,ALAMEDA,ALBANY,-122.297119140625,37.890369415283203
9546091,2022,2023-03-15,0103,2022-12-16,0836,107,20,5,5,6,0103,0,0,0,,0,001,"RT 123","OREGON ST",120.00,N,N,A,-,Y,ALA,4,123,-,-,2.150,H,-,S,N,3,0,1,2,A,-,06,21750,,N,B,G,A,-,H,-,A,A,0,,Y,,,Y,,A,07,0,1,0,0,0,0,1,0,0,"- ","- ",37.855060577392578,-122.28797149658203,ALAMEDA,BERKELEY,-122.28780364990234,37.855300903320312
9546095,2022,2023-02-10,0103,2022-12-20,1315,107,19,2,5,6,0103,0,0,0,,0,016,CEDAR,"RT 123",124.00,E,N,A,-,Y,ALA,4,123,-,-,3.600,I,6,N,N,3,0,1,2,A,-,05,21650,1,N,D,G,A,-,H,-,A,A,0,,Y,,,Y,,L,04,0,1,0,0,0,0,1,0,0,"- ","- ",37.873989105224609,-122.29296875,ALAMEDA,BERKELEY,-122.29409790039062,37.875190734863281
9546158,2022,2023-02-10,0103,2022-12-30,1813,55,37,5,5,6,0103,0,0,0,,0,007,COLLEGE,ASHBY,0.00,,Y,C,-,Y,ALA,4,13,-,-,11.230,I,5,N,N,3,0,1,2,A,-,10,21950,A,N,G,B,B,B,H,-,C,A,0,Y,,,,Y,,A,01,0,1,0,0,1,0,0,0,0,"- ","- ",37.857040405273438,-122.25303649902344,ALAMEDA,BERKELEY,-122.25307464599609,37.857013702392578
9546240,2022,2023-02-17,0103,2022-12-22,1158,133,22,4,5,6,0103,0,0,0,,0,016,"SAN PABLO AV","SAN PABLO AV 1623",0.00,,-,A,-,Y,ALA,4,123,-,-,3.540,H,-,N,N,4,0,1,2,A,-,17,21658,B,F,H,B,E,A,H,-,A,D,0,Y,,,,Y,,D,22,0,0,1,0,1,0,0,0,0,"- ","- ",,,ALAMEDA,BERKELEY,-122.29383850097656,37.874401092529297
9546904,2023,2023-03-02,0103,2023-01-31,1840,94,30,2,5,6,0103,0,0,0,,0,004,"MARTIN LUTHER KING JR WY",ADDISON,0.00,,Y,-,-,N,,,,,,,,,,N,3,0,1,2,A,-,09,21801,A,N,D,G,A,A,H,-,C,D,0,,Y,,,Y,,A,01,0,1,0,0,0,0,1,0,0,"- ","- ",37.87017822265625,-122.27326202392578,ALAMEDA,BERKELEY,-122.27291107177734,37.870567321777344
9546906,2023,2023-03-02,0103,2023-01-31,1500,155,,2,5,6,0103,0,0,0,,0,016,CAMELIA,STANNAGE,0.00,,Y,A,-,N,,,,,,,,,,N,3,0,1,2,A,-,10,21950,A,N,D,B,D,A,H,-,A,D,0,Y,,,,Y,,A,01,0,1,0,0,1,0,0,0,0,"- ","- ",37.87908935546875,-122.29348754882812,ALAMEDA,BERKELEY,-122.29347229003906,37.879108428955078
9546907,2023,2023-03-03,0103,2023-01-31,1029,112,,2,5,6,0103,0,0,0,,0,014,BREAKWATER,"SPINNAKER WY",240.00,S,N,A,-,N,,,,,,,,,,N,2,0,2,3,A,-,21,22106,,F,G,B,E,A,H,-,A,D,0,Y,,,,Y,,A,01,1,1,0,0,2,0,0,0,0,"- ","- ",37.863838195800781,-122.31349945068359,ALAMEDA,BERKELEY,-122.31862640380859,37.869228363037109
9546908,2023,2023-03-02,0103,2023-01-31,"940 ",112,,2,5,6,0103,0,0,0,,0,014,UNIVERSITY,7TH,0.00,,Y,A,-,N,,,,,,,,,,N,2,0,1,2,A,-,10,21950,A,N,G,B,B,A,H,-,A,A,0,Y,,,,Y,,A,01,1,0,0,0,1,0,0,0,0,"- ","- ",37.868198394775391,-122.29662322998047,ALAMEDA,BERKELEY,-122.29663848876953,37.868255615234375
9546910,2023,2023-03-02,0103,2023-01-24,1830,122,,2,5,6,0103,0,0,0,,0,001,SHATTUCK,ROSE,0.00,,Y,A,-,N,,,,,,,,,,N,3,0,1,2,A,-,10,21950,A,N,G,B,B,A,H,-,C,D,0,Y,,,,Y,,A,01,0,1,0,0,1,0,0,0,0,"- ","- ",37.88201904296875,-122.26953887939453,ALAMEDA,BERKELEY,-122.26953887939453,37.882026672363281
9546911,2023,2023-03-03,0103,2023-01-23,"828 ",124,26,1,5,6,0103,0,0,0,,0,004,"ALLSTON ST",OXFORD,0.00,,Y,A,-,N,,,,,,,,,,N,3,0,1,2,A,-,08,22107,,F,G,B,B,A,H,-,A,D,0,Y,,,,Y,,A,01,0,1,0,0,1,0,0,0,0,"- ","- ",37.869678497314453,-122.26579284667969,ALAMEDA,BERKELEY,-122.26589202880859,37.869678497314453
9546920,2023,2023-03-02,0103,2023-01-19,1710,107,19,4,5,6,0103,0,0,0,,0,016,ORDWAY,GILMAN,0.00,,Y,A,-,N,,,,,,,,,,N,3,0,1,2,A,-,09,21802,A,F,D,G,A,A,H,-,B,A,0,,Y,,,Y,,L,04,0,1,0,0,0,0,1,0,0,"- ","- ",37.880638122558594,-122.28672790527344,ALAMEDA,BERKELEY,-122.28668975830078,37.880649566650391
9546924,2023,2023-03-02,0103,2023-01-17,1121,S29,20,2,5,6,0103,0,0,0,,0,014,4TH,CEDAR,0.00,,Y,A,-,N,,,,,,,,,,N,3,0,1,2,A,-,17,22517,,N,F,G,A,A,H,-,A,D,0,,Y,,,Y,,A,01,0,1,0,0,0,0,1,0,0,"- ","- ",,,ALAMEDA,BERKELEY,-122.30181121826172,37.873645782470703
9546926,2023,2023-03-07,0103,2023-01-15,1815,149,,7,5,6,0103,0,0,0,,0,008,TELEGRAPH,WARD,0.00,,Y,C,-,N,,,,,,,,,,N,4,0,1,2,A,-,09,21801,A,F,D,G,A,B,H,-,C,D,0,,Y,,,Y,,A,01,0,0,1,0,0,0,1,0,0,"- ","- ",37.860458374023438,-122.25907897949219,ALAMEDA,BERKELEY,-122.25907897949219,37.860462188720703
9546929,2023,2023-03-02,0103,2023-01-12,1016,23,,4,5,6,0103,0,0,0,,0,012,ACTON,"DERBY ST",50.00,N,N,A,-,N,,,,,,,,,,N,3,0,1,2,A,-,17,22517,,N,H,G,A,A,B,-,A,D,0,,Y,,,Y,,A,01,0,1,0,0,0,0,1,0,0,"- ","- ",37.585769653320312,-122.28279876708984,ALAMEDA,BERKELEY,-122.28250885009766,37.858543395996094
9546931,2023,2023-03-02,0103,2023-01-05,1543,104,37,4,5,6,0103,0,0,0,,0,007,COLLEGE,ASHBY,0.00,,Y,A,-,N,,,,,,,,,,N,3,0,1,2,A,-,10,21950,A,N,G,B,B,A,H,-,A,A,0,Y,,,,Y,,A,01,0,1,0,0,1,0,0,0,0,"- ","- ",37.857040405273438,-122.25303649902344,ALAMEDA,BERKELEY,-122.25305938720703,37.857032775878906
9546932,2023,2023-03-02,0103,2023-01-04,1750,45,,3,5,6,0103,0,0,0,,0,005,DWIGHT,GRANT,0.00,,Y,C,-,N,,,,,,,,,,N,4,0,1,2,A,-,10,21950,A,F,G,B,D,B,F,-,D,B,0,Y,,,,Y,,A,08,0,0,1,0,1,0,0,0,0,"- ","- ",,,ALAMEDA,BERKELEY,-122.27440643310547,37.863063812255859
9546935,2023,2023-03-02,0103,2023-01-03,1410,5,,2,5,6,0103,0,0,0,,0,007,COLLEGE,ALCATRAZ,0.00,,Y,B,-,N,,,,,,,,,,N,3,0,1,2,A,-,10,21950,A,N,G,B,B,A,H,-,A,A,0,Y,,,,Y,,A,01,0,1,0,0,1,0,0,0,0,"- ","- ",37.851261138916016,-122.25247955322266,ALAMEDA,BERKELEY,-122.25247192382812,37.851272583007812
9555026,2023,2023-03-24,0103,2023-02-09,1820,109,3601,4,5,6,0103,0,0,0,,0,008,ASHBY,DEAKIN,0.00,,Y,A,-,Y,ALA,4,13,-,-,11.770,I,5,N,N,3,0,1,2,A,-,10,21950,A,N,G,B,B,A,H,-,D,D,0,Y,,,,Y,,D,22,0,1,0,0,1,0,0,0,0,"- ","- ",37.855838775634766,-122.26241302490234,ALAMEDA,BERKELEY,-122.26235198974609,37.855812072753906
9555086,2022,2023-03-29,0103,2022-11-25,1905,112,,5,5,6,0103,0,0,0,,0,015,VIRGINIA,"RT 123",0.00,,Y,A,-,Y,ALA,4,123,-,-,3.470,I,5,S,Y,2,0,1,2,A,-,09,21802,A,N,D,G,A,A,H,-,C,A,0,,Y,,,Y,,L,04,1,0,0,0,0,0,1,0,0,"- ","- ",37.873439788818359,-122.29353332519531,ALAMEDA,BERKELEY,-122.29363250732422,37.873458862304688
9555114,2023,2023-03-29,0102,2023-02-22,1521,JL0614,2,3,5,3,0102,0,0,0,,0,001,"SAN PABLO",BRIGHTON,0.00,,Y,A,-,Y,ALA,4,123,-,-,5.090,I,5,S,N,4,0,1,2,A,-,10,21950,,N,A,B,B,A,H,-,A,A,0,Y,,,,Y,,A,01,0,0,1,0,1,0,0,0,0,"- ","- ",37.896751403808594,-122.30095672607422,ALAMEDA,ALBANY,-122.30108642578125,37.896697998046875
9557878,2023,2023-04-03,0103,2023-02-10,1302,112,,5,5,6,0103,0,0,0,,0,003,UNIVERSITY,"MARTIN LUTHER KING JR WY",72.00,W,N,A,-,N,,,,,,,,,,N,3,0,1,2,A,-,17,22517,,N,C,G,A,A,H,-,A,A,0,,Y,,,Y,,D,22,0,1,0,0,0,0,1,0,0,"- ","- ",37.871559143066406,-122.27300262451172,ALAMEDA,BERKELEY,-122.27324676513672,37.871482849121094
9558762,2023,2023-03-22,0103,2023-01-22,1801,27,,7,5,6,0103,0,0,0,,0,001,"GRIZZLY PEAK","FOREST LN",0.00,,Y,A,-,N,,,,,,,,,,N,3,0,1,2,A,-,06,21750,,N,D,G,A,A,H,-,D,D,0,,Y,,,Y,,L,04,0,1,0,0,0,0,1,0,0,"- ","- ",37.894950866699219,-122.26007843017578,ALAMEDA,BERKELEY,-122.26113891601562,37.896785736083984
9559713,2023,2023-03-30,0102,2023-03-19,2024,DW190456,5,7,5,3,0102,0,0,0,,0,002,MARIN,"KEY ROUTE",0.00,,Y,A,-,N,,,,,,,,,,N,3,0,1,2,A,-,10,21950,A,N,G,B,B,A,H,-,D,D,0,Y,,,,Y,,A,01,0,1,0,0,1,0,0,0,0,"- ","- ",37.887741088867188,-122.29266357421875,ALAMEDA,ALBANY,-122.29206848144531,37.887866973876953
9561675,2023,2023-03-30,0103,2023-02-01,1805,13,,3,5,6,0103,0,0,0,,0,005,"MILVIA ST","CARLETON ST",0.00,,Y,A,-,N,,,,,,,,,,N,3,0,1,2,A,-,10,21950,A,F,G,B,B,A,H,-,C,A,0,Y,,,,Y,,A,07,0,1,0,0,1,0,0,0,0,"- ","- ",37.860919952392578,-122.26952362060547,ALAMEDA,BERKELEY,-122.26953125,37.860912322998047
9561679,2023,2023-03-30,0103,2023-02-08,1400,149,20,3,5,6,0103,0,0,0,,0,015,EIGHTH,"GILMAN ST",45.00,S,N,A,-,N,,,,,,,,,,N,3,0,1,2,A,-,17,22517,,N,B,G,A,A,H,-,A,D,0,,Y,,,Y,,A,08,0,1,0,0,0,0,1,0,0,"- ","- ",37.879520416259766,-122.29929351806641,ALAMEDA,BERKELEY,-122.29914855957031,37.879692077636719
9561680,2023,2023-03-30,0103,2023-02-10,1128,112,,5,5,6,0103,0,0,0,,0,015,"GILMAN AV","FRONTAGE RD",0.00,,Y,A,-,N,,,,,,,,,,N,3,0,1,2,A,-,09,21802,A,N,D,G,A,A,A,B,A,A,0,,Y,,,Y,,L,04,0,1,0,0,0,0,1,0,0,"- ","- ",37.880748748779297,-122.30917358398438,ALAMEDA,BERKELEY,-122.30793762207031,37.878013610839844
9561681,2023,2023-03-30,0103,2023-02-10,2205,109,35,5,5,6,0103,0,0,0,,0,008,"SHATTUCK AV","STUART ST",0.00,,Y,A,-,N,,,,,,,,,,N,3,0,1,2,A,-,10,21950,A,N,G,B,B,A,H,-,D,D,0,Y,,,,Y,,A,01,0,1,0,0,1,0,0,0,0,"- ","- ",37.858528137207031,-122.26689910888672,ALAMEDA,BERKELEY,-122.26690673828125,37.858509063720703
9561682,2023,2023-03-30,0103,2023-02-10,2322,149,27,5,5,6,0103,0,0,0,,0,007,"CHANNING ST","COLLEGE AV",0.00,,Y,B,-,N,,,,,,,,,,N,3,0,2,3,A,-,11,21453,D,F,G,B,B,B,H,-,C,A,0,Y,,Y,,Y,Y,N,60,0,1,1,0,1,0,0,0,1,"- ","- ",37.867488861083984,-122.2542724609375,ALAMEDA,BERKELEY,-122.25428771972656,37.867481231689453
9561683,2023,2023-03-30,0103,2023-02-11,2215,149,35,6,5,6,0103,0,0,0,,0,005,"CARLETON ST","MLK JR WAY",50.00,E,N,A,-,N,,,,,,,,,,N,3,0,1,2,A,-,05,21650,,F,B,G,A,A,H,-,C,D,0,,Y,,,Y,,A,01,0,1,0,0,0,0,1,0,0,"- ","- ",37.860630035400391,-122.27179718017578,ALAMEDA,BERKELEY,-122.27163696289062,37.860652923583984
9561686,2023,2023-03-28,0103,2023-02-17,1414,100,,5,5,6,0103,0,0,0,,0,013,"OREGON ST","RUSSELL ST",40.00,N,N,A,-,N,,,,,,,,,,N,3,0,1,2,A,-,05,21202,A,N,A,G,A,A,H,-,A,D,0,,Y,,,Y,,L,04,0,1,0,0,0,0,1,0,0,"- ","- ",37.857089996337891,-122.26744079589844,ALAMEDA,BERKELEY,-122.28304290771484,37.855701446533203
9561687,2023,2023-03-28,0103,2023-02-19,1030,52,,7,5,6,0103,0,0,0,,0,003,UNIVERSITY,"MCGEE AV",11.00,W,N,A,-,N,,,,,,,,,,N,3,0,1,2,A,-,03,22350,,F,G,B,B,A,H,-,A,D,0,Y,,,,Y,,A,07,0,1,0,0,1,0,0,0,0,"- ","- ",37.870800018310547,-122.28157043457031,ALAMEDA,BERKELEY,-122.27755737304688,37.871036529541016
9561714,2023,2023-04-04,0103,2023-02-23,2015,080,21,4,5,6,0103,0,0,0,,0,014,9TH,UNIVERSITY,0.00,,Y,C,-,N,,,,,,,,,,N,3,0,1,2,A,-,10,21950,A,N,G,B,B,B,H,-,C,A,0,Y,,,,Y,,A,01,0,1,0,0,1,0,0,0,0,"- ","- ",37.868640899658203,-122.29441070556641,ALAMEDA,BERKELEY,-122.29441833496094,37.868705749511719
9561717,2023,2023-04-04,0103,2023-02-27,1824,145,17,1,5,6,0103,0,0,0,,0,002,OXFORD,VINE,0.00,,Y,C,-,N,,,,,,,,,,N,3,0,1,2,A,-,09,21801,A,N,D,G,A,B,H,-,C,A,0,,Y,,,Y,,A,01,0,1,0,0,0,0,1,0,0,"- ","- ",37.880508422851562,-122.26706695556641,ALAMEDA,BERKELEY,-122.26708984375,37.880496978759766
9564620,2023,2023-05-11,0102,2023-03-22,1453,AM251593,3,3,5,3,0102,0,0,0,,0,001,"KEY RTE","THOUSAND OAKS",0.00,,Y,A,B,N,,,,,,,,,,N,3,0,1,2,A,-,09,21802,A,N,D,G,A,B,H,-,A,A,0,,Y,,,Y,,A,07,0,1,0,0,0,0,1,0,0,"- ","- ",37.896751403808594,-122.29264068603516,ALAMEDA,ALBANY,-122.29289245605469,37.896751403808594
9568159,2023,2023-04-27,0103,2023-03-18,1701,32,,6,5,6,0103,0,0,0,,0,013,"SAN PABLO AV","OREGON ST",0.00,,Y,A,-,Y,ALA,4,123,-,-,2.120,I,5,S,N,2,0,1,2,A,-,09,21801,A,N,D,G,A,A,H,-,A,A,0,,Y,,,Y,,A,01,1,0,0,0,0,0,1,0,0,"- ","- ",37.85491943359375,-122.28755950927734,ALAMEDA,BERKELEY,-122.28768920898438,37.854911804199219
9568909,2023,2023-06-01,0103,2023-04-16,1230,107,21,7,5,6,0103,0,0,0,,0,014,"RT 123",VIRGINIA,0.00,,Y,A,-,Y,ALA,4,123,-,-,3.470,I,5,N,N,2,0,1,2,A,-,10,21950,A,N,G,B,B,-,H,-,A,A,0,Y,,,,Y,,A,01,1,0,0,0,1,0,0,0,0,"- ","- ",37.873439788818359,-122.29353332519531,ALAMEDA,BERKELEY,-122.29353332519531,37.873481750488281
9574168,2023,2023-04-24,0103,2023-03-08,1350,121,,3,5,6,0103,0,0,0,,0,006,DANA,PARKER,0.00,,Y,A,-,N,,,,,,,,,,N,2,0,1,2,A,-,10,21950,A,F,G,B,B,A,H,-,A,A,0,Y,,,Y,Y,,F,26,1,0,0,0,1,0,0,0,0,"- ","- ",37.863048553466797,-122.26035308837891,ALAMEDA,BERKELEY,-122.26035308837891,37.863052368164062
9574180,2023,2023-04-27,0103,2023-03-15,1544,S29,29,3,5,6,0103,0,0,0,,0,006,"FULTON AV","BANCROFT WY",93.00,S,N,A,-,N,,,,,,,,,,N,2,0,1,2,A,-,11,21954,A,N,G,B,E,A,H,-,A,A,0,Y,,,,Y,,N,60,1,0,0,0,1,0,0,0,0,"- ","- ",,,ALAMEDA,BERKELEY,-122.26588439941406,37.867588043212891
9574208,2023,2023-04-24,0103,2023-03-02,1122,112,,4,5,6,0103,0,0,0,,0,012,UNIVERSITY,"SAN PABLO AV",270.00,E,N,A,-,N,,,,,,,,,,N,3,0,1,2,A,-,10,21952,,N,G,B,F,A,H,-,A,A,0,Y,,,,Y,,A,01,0,1,0,0,1,0,0,0,0,"- ","- ",37.868938446044922,-122.29087829589844,ALAMEDA,BERKELEY,-122.29116821289062,37.869274139404297
9574239,2023,2023-04-24,0103,2023-03-22,1558,112,,3,5,6,0103,0,0,0,,0,012,ALLSTON,SACRAMENTO,0.00,,Y,A,-,N,,,,,,,,,,N,3,0,1,2,A,-,12,21453,A,N,D,G,A,A,H,-,A,A,0,,Y,,,Y,,L,04,0,1,0,0,0,0,1,0,0,"- ","- ",37.867389678955078,-122.28163909912109,ALAMEDA,BERKELEY,-122.28176116943359,37.867347717285156