CASE_ID,ACCIDENT_YEAR,PROC_DATE,JURIS,COLLISION_DATE,COLLISION_TIME,OFFICER_ID,REPORTING_DISTRICT,DAY_OF_WEEK,CHP_SHIFT,POPULATION,CNTY_CITY_LOC,SPECIAL_COND,BEAT_TYPE,CHP_BEAT_TYPE,CITY_DIVISION_LAPD,CHP_BEAT_CLASS,BEAT_NUMBER,PRIMARY_RD,SECONDARY_RD,DISTANCE,DIRECTION,INTERSECTION,WEATHER_1,WEATHER_2,STATE_HWY_IND,CALTRANS_COUNTY,CALTRANS_DISTRICT,STATE_ROUTE,ROUTE_SUFFIX,POSTMILE_PREFIX,POSTMILE,LOCATION_TYPE,RAMP_INTERSECTION,SIDE_OF_HWY,TOW_AWAY,COLLISION_SEVERITY,NUMBER_KILLED,NUMBER_INJURED,PARTY_COUNT,PRIMARY_COLL_FACTOR,PCF_CODE_OF_VIOL,PCF_VIOL_CATEGORY,PCF_VIOLATION,PCF_VIOL_SUBSECTION,HIT_AND_RUN,TYPE_OF_COLLISION,MVIW,PED_ACTION,ROAD_SURFACE,ROAD_COND_1,ROAD_COND_2,LIGHTING,CONTROL_DEVICE,CHP_ROAD_TYPE,PEDESTRIAN_ACCIDENT,BICYCLE_ACCIDENT,MOTORCYCLE_ACCIDENT,TRUCK_ACCIDENT,NOT_PRIVATE_PROPERTY,ALCOHOL_INVOLVED,STWD_VEHTYPE_AT_FAULT,CHP_VEHTYPE_AT_FAULT,COUNT_SEVERE_INJ,COUNT_VISIBLE_INJ,COUNT_COMPLAINT_PAIN,COUNT_PED_KILLED,COUNT_PED_INJURED,COUNT_BICYCLIST_KILLED,COUNT_BICYCLIST_INJURED,COUNT_MC_KILLED,COUNT_MC_INJURED,PRIMARY_RAMP,SECONDARY_RAMP,LATITUDE,LONGITUDE,COUNTY,CITY,POINT_X,POINT_Y
9574241,2023,2023-04-21,0103,2023-03-30,1725,45,,4,5,6,0103,0,0,0,,0,016,CHESTNUT,UNIVERSITY,0.00,,Y,A,-,N,,,,,,,,,,N,3,0,1,2,A,-,17,23110,A,F,G,B,B,A,H,-,A,D,0,Y,,,,Y,,N,60,0,1,0,0,1,0,0,0,0,"- ","- ",37.86962890625,-122.28803253173828,ALAMEDA,BERKELEY,-122.28804016113281,37.869686126708984
9574243,2023,2023-04-21,0103,2023-03-29,1350,149,29,3,5,6,0103,0,0,0,,0,004,ADDISON,"MARTIN LUTHER KING JR",0.00,,Y,C,-,N,,,,,,,,,,N,4,0,1,2,A,-,10,21950,A,N,G,B,B,B,D,-,A,A,0,Y,,,,Y,,A,01,0,0,1,0,1,0,0,0,0,"- ","- ",37.870578765869141,-122.27288818359375,ALAMEDA,BERKELEY,-122.27291107177734,37.870567321777344
9574244,2023,2023-04-21,0103,2023-03-30,"810 ",85,28,4,5,6,0103,0,0,0,,0,006,DWIGHT,ELLSWORTH,0.00,,Y,A,-,N,,,,,,,,,,N,4,0,1,2,A,-,08,22107,,N,B,B,B,A,H,-,-,A,0,Y,,,,Y,,A,01,0,0,1,0,1,0,0,0,0,"- ","- ",37.864540100097656,-122.26299285888672,ALAMEDA,BERKELEY,-122.26297760009766,37.864540100097656
9574248,2023,2023-04-21,0103,2023-03-21,1523,S29,29,2,5,6,0103,0,0,0,,0,005,MILVIA,DWIGHT,0.00,,Y,C,-,N,,,,,,,,,,N,2,0,1,2,A,-,12,22450,A,N,D,G,A,B,H,-,A,A,0,,Y,,,Y,,L,04,1,0,0,0,0,0,1,0,0,"- ","- ",37.863651275634766,-122.26979827880859,ALAMEDA,BERKELEY,-122.26985168457031,37.863639831542969
9574251,2023,2023-04-21,0103,2023-03-16,"709 ",104,22,4,5,6,0103,0,0,0,,0,012,UNIVERSITY,ACTON,0.00,,Y,A,-,N,,,,,,,,,,N,4,0,1,2,A,-,10,21950,A,N,G,B,B,A,A,H,A,A,0,Y,,,,Y,,A,01,0,0,1,0,1,0,0,0,0,"- ","- ",37.870109558105469,-122.28424835205078,ALAMEDA,BERKELEY,-122.28426361083984,37.870182037353516
9574252,2023,2023-04-21,0103,2023-03-17,"830 ",73,18,5,5,6,0103,0,0,0,,0,003,CEDAR,SACRAMENTO,0.00,,Y,A,-,N,,,,,,,,,,N,3,0,1,2,A,-,10,21950,A,N,G,B,B,A,H,-,A,A,0,Y,,,,Y,,A,01,0,1,0,0,1,0,0,0,0,"- ","- ",37.876689910888672,-122.28265380859375,ALAMEDA,BERKELEY,-122.28273773193359,37.876678466796875
9574254,2023,2023-04-21,0103,2023-03-10,1001,26,,5,5,6,0103,0,0,0,,0,016,ACTON,UNIVERSITY,0.00,,Y,B,-,N,,,,,,,,,,N,3,0,1,2,A,-,12,21453,A,F,D,G,A,A,H,-,A,A,0,,Y,,,Y,,A,01,0,1,0,0,0,0,1,0,0,"- ","- ",37.870109558105469,-122.28424835205078,ALAMEDA,BERKELEY,-122.28426361083984,37.870182037353516
9574257,2023,2023-04-21,0103,2023-03-06,2220,121,,1,5,6,0103,0,0,0,,0,003,CHANNING,ELLSWORTH,0.00,,Y,C,-,N,,,,,,,,,,N,3,0,1,2,A,-,10,21950,A,N,G,B,B,B,H,-,C,A,0,Y,,,,Y,,A,01,0,1,0,0,1,0,0,0,0,"- ","- ",37.867221832275391,-122.26354217529297,ALAMEDA,BERKELEY,-122.26332855224609,37.866310119628906
9574260,2023,2023-04-21,0103,2023-03-05,1929,29,24,7,5,6,0103,0,0,0,,0,002,HEARST,"WALNUT ST",32.00,W,N,B,-,N,,,,,,,,,,N,3,0,1,2,A,-,17,22517,,N,D,G,A,A,H,-,C,D,0,,Y,,,Y,,A,01,0,1,0,0,0,0,1,0,0,"- ","- ",37.874008178710938,-122.26748657226562,ALAMEDA,BERKELEY,-122.26760864257812,37.873973846435547
9575241,2023,2023-04-17,0102,2023-03-31,1903,JP241113,,5,5,3,0102,0,0,0,,0,001,PIERCE,"PIERCE 555",0.00,,-,A,-,N,,,,,,,,,,N,3,0,1,2,A,-,00,21954,,M,G,B,D,A,H,-,A,D,0,Y,,,,Y,,N,60,0,1,0,0,1,0,0,0,0,"- ","- ",37.894550323486328,-122.30661773681641,ALAMEDA,ALBANY,-122.30788099999999,37.895327000000002
9579496,2023,2023-06-15,0102,2023-04-25,1627,MD236619,6,2,5,3,0102,0,0,0,,0,002,"SAN PABLO AV","MONROE AV",0.00,,Y,A,-,N,,,,,,,,,,N,3,0,1,2,A,-,06,21755,A,N,H,G,A,A,H,-,A,A,0,,Y,,,Y,,L,04,0,1,0,0,0,0,1,0,0,"- ","- ",37.884639739990234,-122.29712677001953,ALAMEDA,ALBANY,-122.29714202880859,37.884635925292969
9583886,2023,2023-09-14,0103,2023-06-08,"455 ",90,,4,5,6,0103,0,0,0,,0,012,FRONTAGE,"UNIVERSITY AV",600.00,S,N,A,-,N,,,,,,,,,,N,3,0,1,2,A,-,11,21954,A,N,G,B,E,A,H,-,C,D,0,Y,,,,Y,,N,60,0,1,0,0,1,0,0,0,0,"- ","- ",37.866439819335938,-122.30555725097656,ALAMEDA,BERKELEY,-122.30422973632812,37.865139007568359
9584286,2023,2023-05-23,0102,2023-04-16,1200,MD236619,5,7,5,3,0102,0,0,0,,0,002,MARIN,"SAN PABLO AV",0.00,,Y,A,-,N,,,,,,,,,,N,3,0,1,2,A,-,10,21950,A,N,G,B,B,A,H,-,A,A,0,Y,,,,Y,,A,01,0,1,0,0,1,0,0,0,0,"- ","- ",37.88677978515625,-122.29776000976562,ALAMEDA,ALBANY,-122.29784393310547,37.886768341064453
9585030,2023,2023-05-25,0103,2023-04-06,1142,7,20,4,5,6,0103,0,0,0,,0,013,GILMAN,5TH,0.00,,Y,A,-,N,,,,,,,,,,N,4,0,1,2,A,-,11,21955,,N,G,B,D,A,H,-,A,D,0,Y,,,,Y,,N,60,0,0,1,0,1,0,0,0,0,"- ","- ",37.879131317138672,-122.30246734619141,ALAMEDA,BERKELEY,-122.30247497558594,37.879146575927734
9585204,2023,2023-05-30,0103,2023-04-29,1734,149,23,6,5,6,0103,0,0,0,,0,003,HEARST,"SACRAMENTO ST",30.00,E,N,A,-,N,,,,,,,,,,N,4,0,1,2,A,-,03,22350,,F,C,G,A,A,H,-,A,D,0,,Y,,,Y,,A,01,0,0,1,0,0,0,1,0,0,"- ","- ",37.872150421142578,-122.28212738037109,ALAMEDA,BERKELEY,-122.28212738037109,37.872165679931641
9585205,2023,2023-05-30,0103,2023-04-29,1317,56,,6,5,6,0103,0,0,0,,0,005,"SACRAMENTO AV",BANCROFT,0.00,,Y,A,-,N,,,,,,,,,,N,3,0,1,2,A,-,10,21950,A,N,G,B,B,A,H,-,A,A,0,Y,,,,Y,,A,01,0,1,0,0,1,0,0,0,0,"- ","- ",37.865821838378906,-122.28147888183594,ALAMEDA,BERKELEY,-122.28157806396484,37.865798950195312
9585206,2023,2023-05-30,0103,2023-04-28,1900,149,27,5,5,6,0103,0,0,0,,0,007,"PIEDMONT AV",BANCROFT,0.00,,Y,A,-,N,,,,,,,,,,N,3,0,1,2,A,-,10,21950,A,N,G,B,B,A,H,-,A,A,0,Y,,,,Y,,A,01,0,1,0,0,1,0,0,0,0,"- ","- ",37.869590759277344,-122.25228881835938,ALAMEDA,BERKELEY,-122.2523193359375,37.869586944580078
9585208,2023,2023-05-30,0103,2023-04-25,1759,17,,2,5,6,0103,0,0,0,,0,007,WARRING,"PARKER ST",348.00,N,N,A,-,N,,,,,,,,,,N,4,0,1,2,A,-,08,22107,,N,D,G,A,A,H,-,A,D,0,,Y,,,Y,,A,01,0,0,1,0,0,0,1,0,0,"- ","- ",37.865009307861328,-122.25064849853516,ALAMEDA,BERKELEY,-122.25037384033203,37.865081787109375
9585212,2023,2023-05-30,0103,2023-04-20,"903 ",108,23,4,5,6,0103,0,0,0,,0,003,HEARST,GRANT,0.00,,Y,A,-,N,,,,,,,,,,N,3,0,1,2,A,-,10,21950,A,N,G,B,C,-,H,-,A,D,0,Y,,,,Y,,A,07,0,1,0,0,1,0,0,0,0,"- ","- ",37.873008728027344,-122.27545166015625,ALAMEDA,BERKELEY,-122.27543640136719,37.872997283935547
9585215,2023,2023-05-30,0103,2023-04-13,1840,75,,4,5,6,0103,0,0,0,,0,005,BANCROFT,GRANT,0.00,,Y,A,-,N,,,,,,,,,,N,2,0,1,2,A,-,10,21950,A,N,G,B,B,A,H,-,A,A,0,Y,,,,Y,,A,01,1,0,0,0,1,0,0,0,0,"- ","- ",,,ALAMEDA,BERKELEY,-122.2747802734375,37.866680145263672
9585216,2023,2023-05-30,0103,2023-04-15,"28  ",55,28,6,5,6,0103,0,0,0,,0,006,DURANT,TELEGRAPH,0.00,,Y,A,-,N,,,,,,,,,,N,3,0,1,2,A,-,10,21950,A,N,A,B,B,A,H,-,C,A,0,Y,,,,Y,Y,A,01,0,1,0,0,1,0,0,0,0,"- ","- ",37.863838195800781,-122.29238128662109,ALAMEDA,BERKELEY,-122.25901794433594,37.867805480957031
9585218,2023,2023-05-30,0103,2023-04-13,1812,144,,4,5,6,0103,0,0,0,,0,002,HEARST,SHATTUCK,0.00,,Y,A,-,N,,,,,,,,,,N,3,0,1,2,A,-,09,21801,A,N,A,G,A,A,H,-,A,A,0,,Y,,,Y,,A,01,0,1,0,0,0,0,1,0,0,"- ","- ",,,ALAMEDA,BERKELEY,-122.26860046386719,37.873836517333984
9585226,2023,2023-06-15,0103,2023-04-08,1251,124,29,6,5,6,0103,0,0,0,,0,004,CENTER,SHATTUCK,0.00,,Y,A,-,N,,,,,,,,,,N,3,0,1,2,A,-,10,21950,A,N,G,B,B,A,H,-,A,A,0,Y,,,,Y,,A,01,0,1,0,0,1,0,0,0,0,"- ","- ",37.87030029296875,-122.26804351806641,ALAMEDA,BERKELEY,-122.26805114746094,37.870315551757812
9585228,2023,2023-06-08,0103,2023-04-06,2343,90,,4,5,6,0103,0,0,0,,0,012,SEAWALL,"UNIVERSITY AV",150.00,S,N,A,-,N,,,,,,,,,,N,3,0,1,2,A,-,11,21954,A,N,G,B,D,A,H,-,D,D,0,Y,,,,Y,Y,N,60,0,1,0,0,1,0,0,0,0,"- ","- ",37.863079071044922,-122.31726837158203,ALAMEDA,BERKELEY,-122.31717681884766,37.862693786621094
9585679,2023,2023-05-30,0103,2023-03-17,1040,15,,5,5,6,0103,0,0,0,,0,005,"MARTIN LUTHER KING JR",ALLSTON,0.00,,Y,A,-,N,,,,,,,,,,N,3,0,1,2,A,-,10,21950,A,F,G,B,B,A,H,-,A,A,0,Y,,,,Y,,A,01,0,1,0,0,1,0,0,0,0,"- ","- ",37.868770599365234,-122.27269744873047,ALAMEDA,BERKELEY,-122.27268218994141,37.868770599365234
9585924,2023,2023-05-30,0103,2023-02-11,1645,702,,6,5,6,0103,0,0,0,,0,012,ACTON,BLAKE,0.00,,Y,A,-,N,,,,,,,,,,N,4,0,1,2,A,-,07,21658,A,M,C,G,A,A,H,-,A,D,0,,Y,,,Y,Y,-,,0,0,1,0,0,0,1,0,0,"- ","- ",37.861049652099609,-122.28305053710938,ALAMEDA,BERKELEY,-122.28310394287109,37.86102294921875
9594779,2023,2023-07-07,0103,2023-05-30,1610,112,,2,5,6,0103,0,0,0,,0,002,UNIVERSITY,MILVIA,0.00,,Y,A,-,N,,,,,,,,,,N,4,0,1,2,A,-,10,21950,A,F,G,B,B,A,H,-,A,A,0,Y,,,,Y,Y,A,07,0,0,1,0,1,0,0,0,0,"- ","- ",37.871849060058594,-122.27072143554688,ALAMEDA,BERKELEY,-122.27075958251953,37.871902465820312
9594782,2023,2023-07-11,0103,2023-05-28,2053,120,34,7,5,6,0103,0,0,0,,0,010,"SACRAMENTO AV","STUART ST",0.00,,Y,B,-,N,,,,,,,,,,N,2,0,1,2,A,-,05,21650,,N,A,G,A,A,H,-,C,D,0,,Y,,,Y,,L,04,1,0,0,0,0,0,1,0,0,"- ","- ",37.856918334960938,-122.27979278564453,ALAMEDA,BERKELEY,-122.27986145019531,37.85693359375
9594790,2023,2023-07-11,0103,2023-05-19,1202,112,,5,5,6,0103,0,0,0,,0,004,"SHATTUCK AV","CENTER AV",0.00,,Y,A,-,N,,,,,,,,,,N,4,0,1,2,A,-,09,21801,A,N,D,G,A,A,H,-,A,A,0,,Y,,,Y,,A,07,0,0,1,0,0,0,1,0,0,"- ","- ",37.87030029296875,-122.26804351806641,ALAMEDA,BERKELEY,-122.26805114746094,37.870315551757812
9594796,2023,2023-07-11,0103,2023-05-13,1300,150,,6,5,6,0103,0,0,0,,0,004,"HEARST AV","BONITA AV",0.00,,Y,A,-,N,,,,,,,,,,N,3,0,1,2,A,-,08,22107,,N,B,G,A,A,H,-,A,D,0,,Y,,,Y,,A,01,0,1,0,0,0,0,1,0,0,"- ","- ",37.873458862304688,-122.27207183837891,ALAMEDA,BERKELEY,-122.27212524414062,37.873432159423828
9594800,2023,2023-07-11,0103,2023-05-07,1223,150,,7,5,6,0103,0,0,0,,0,006,"HILLEGASS AV","DWIGHT WY",0.00,,Y,A,-,N,,,,,,,,,,N,3,0,1,3,A,-,10,21950,A,N,G,B,B,A,H,-,A,A,0,Y,,,,Y,,A,01,0,1,0,0,1,0,0,0,0,"- ","- ",37.865379333496094,-122.25665283203125,ALAMEDA,BERKELEY,-122.25649261474609,37.865375518798828
9596127,2023,2023-07-21,0103,2023-05-13,1036,26,,6,5,6,0103,0,0,0,,0,011,"SAN PABLO",PARKER,0.00,,Y,A,-,Y,ALA,4,123,-,-,2.450,I,5,S,,3,0,1,2,A,-,12,21453,A,F,D,G,A,A,H,-,A,A,0,,Y,,,Y,,L,04,0,1,0,0,0,0,1,0,0,"- ","- ",37.859359741210938,-122.28898620605469,ALAMEDA,BERKELEY,-122.28909301757812,37.859355926513672
9599933,2023,2023-08-02,0103,2023-06-02,"910 ",148,29,5,5,6,0103,0,0,0,,0,006,BANCROFT,FULTON,0.00,,Y,A,-,N,,,,,,,,,,N,3,0,1,2,A,-,11,21954,A,N,G,B,E,A,D,-,A,A,0,Y,,,,Y,,N,60,0,1,0,0,1,0,0,0,0,"- ","- ",37.867828369140625,-122.26595306396484,ALAMEDA,BERKELEY,-122.26593017578125,37.867843627929688
9599950,2023,2023-08-02,0103,2023-06-30,1145,121,,5,5,6,0103,0,0,0,,0,011,"SAN PABLO",BANCROFT,0.00,,Y,A,-,N,,,,,,,,,,Y,3,0,1,2,A,-,10,21950,A,N,G,B,B,A,H,-,A,A,0,Y,,,,Y,,A,01,0,1,0,0,1,0,0,0,0,"- ","- ",37.864620208740234,-122.29067230224609,ALAMEDA,BERKELEY,-122.29064178466797,37.864620208740234
9599953,2023,2023-08-02,0103,2023-06-23,1241,77,,5,5,6,0103,0,0,0,,0,004,UNIVERSITY,BONITA,0.00,,Y,B,-,N,,,,,,,,,,N,3,0,1,2,A,-,21,22106,,N,G,B,B,A,H,-,A,D,0,Y,,,,Y,,A,01,0,1,0,0,1,0,0,0,0,"- ","- ",37.871700286865234,-122.27187347412109,ALAMEDA,BERKELEY,-122.27189636230469,37.871749877929688
9599986,2023,2023-08-04,0103,2023-06-13,1525,84,,2,5,6,0103,0,0,0,,0,003,UNIVERSITY,WEST,0.00,,Y,A,-,N,,,,,,,,,,N,3,0,1,2,A,-,12,21453,A,F,A,G,A,-,H,-,-,A,0,,Y,,,Y,,A,01,0,1,0,0,0,0,1,0,0,"- ","- ",37.869819641113281,-122.28655242919922,ALAMEDA,BERKELEY,-122.28652191162109,37.869876861572266
9599987,2023,2023-08-03,0103,2023-06-13,1325,84,,2,5,6,0103,0,0,0,,0,005,MILVIA,"PARKER ST",85.00,N,N,A,-,N,,,,,,,,,,N,4,0,1,3,A,-,03,22350,,N,C,B,E,A,H,-,A,D,0,Y,,,,Y,,A,01,0,0,1,0,1,0,0,0,0,"- ","- ",37.861991882324219,-122.26988220214844,ALAMEDA,BERKELEY,-122.26968383789062,37.862041473388672
9599989,2023,2023-08-10,0103,2023-06-11,1054,148,29,7,5,6,0103,0,0,0,,0,006,SHATTUCK,CHANNING,0.00,,Y,B,-,N,,,,,,,,,,N,3,0,1,2,A,-,12,21453,A,N,D,G,A,A,G,-,A,A,0,,Y,,,Y,Y,L,04,0,1,0,0,0,0,1,0,0,"- ","- ",37.865779876708984,-122.267578125,ALAMEDA,BERKELEY,-122.26761627197266,37.865779876708984
9599998,2023,2023-08-03,0103,2023-06-02,1041,124,,5,5,6,0103,0,0,0,,0,001,VINE,OXFORD,0.00,,Y,A,-,N,,,,,,,,,,N,3,0,1,2,A,-,11,21456,B,N,G,B,B,A,H,-,A,A,0,Y,Y,,,Y,,N,60,0,1,0,0,0,0,1,0,0,"- ","- ",37.880508422851562,-122.26706695556641,ALAMEDA,BERKELEY,-122.26708984375,37.880496978759766
9601158,2023,2023-08-11,0103,2023-06-07,1555,155,,3,5,6,0103,0,0,0,,0,014,"SAN PABLO","DELAWARE ST",0.00,,Y,A,-,Y,ALA,4,123,-,-,3.340,I,5,S,N,3,0,1,2,A,-,09,21801,A,N,D,G,A,A,H,-,A,A,0,,Y,,,Y,,D,22,0,1,0,0,0,0,1,0,0,"- ","- ",37.871688842773438,-122.29296112060547,ALAMEDA,BERKELEY,-122.29305267333984,37.871688842773438
9601174,2023,2023-08-14,0103,2023-06-24,"850 ",73,36,6,5,6,0103,0,0,0,,0,007,ASHBY,HILLEGASS,0.00,,Y,A,-,Y,ALA,4,13,-,-,11.370,I,5,S,N,3,0,1,2,A,-,12,21453,A,N,G,B,B,A,H,-,A,A,0,Y,,,,Y,,A,07,0,1,0,0,1,0,0,0,0,"- ","- ",37.856731414794922,-122.2554931640625,ALAMEDA,BERKELEY,-122.25550079345703,37.856735229492188
9610260,2023,2023-09-08,0102,2023-08-08,"905 ",MD255212,2,2,5,3,0102,0,0,0,,0,001,TALBOT,BRIGHTON,0.00,,Y,A,-,N,,,,,,,,,,N,3,0,1,2,A,-,03,22350,,N,G,B,E,A,H,-,A,D,0,Y,,,,Y,,A,01,0,1,0,0,1,0,0,0,0,"- ","- ",37.898139953613281,-122.29810333251953,ALAMEDA,ALBANY,-122.29756927490234,37.897407531738281
9613279,2023,2023-09-05,0103,2023-05-27,1900,55,,6,5,6,0103,0,0,0,,0,001,SPRUCE,MICHIGAN,0.00,,Y,A,-,N,,,,,,,,,,N,3,0,1,2,A,-,09,21801,A,F,D,G,A,A,H,-,A,D,0,,Y,,,Y,,A,01,0,1,0,0,0,0,1,0,0,"- ","- ",37.901851654052734,-122.26719665527344,ALAMEDA,BERKELEY,-122.27027893066406,37.901599884033203
9613556,2023,2023-09-05,0103,2023-07-31,"545 ",107,29,1,5,6,0103,0,0,0,,0,006,SHATTUCK,BANCROFT,0.00,,Y,A,-,N,,,,,,,,,,N,3,0,1,2,A,-,11,21950,B,N,G,B,B,-,H,-,C,A,0,Y,,,,Y,,N,60,0,1,0,0,1,0,0,0,0,"- ","- ",37.867450714111328,-122.26734924316406,ALAMEDA,BERKELEY,-122.26782989501953,37.867591857910156
9613557,2023,2023-09-07,0103,2023-07-28,"808 ",107,34,5,5,6,0103,0,0,0,,0,005,"MARTIN LUTHER KING JR WY","BLAKE ST",65.00,S,N,A,-,N,,,,,,,,,,N,3,0,1,2,A,-,08,22107,,N,D,G,A,A,H,-,A,A,0,,Y,,Y,Y,,L,04,0,1,0,0,0,0,1,0,0,"- ","- ",37.862438201904297,-122.27189636230469,ALAMEDA,BERKELEY,-122.27198791503906,37.862262725830078
9613558,2023,2023-09-07,0103,2023-07-24,1255,122,,1,5,6,0103,0,0,0,,0,002,"HEARST AV","LEROY AV",0.00,,Y,A,-,N,,,,,,,,,,N,3,0,1,2,A,-,11,21954,A,F,B,B,E,A,H,-,A,D,0,Y,,,Y,Y,,N,60,0,1,0,0,1,0,0,0,0,"- ","- ",37.87567138671875,-122.25871276855469,ALAMEDA,BERKELEY,-122.25827789306641,37.875358581542969
9615123,2023,2023-08-30,0103,2023-07-19,1826,14,,3,5,6,0103,0,0,0,,0,010,ALCATRAZ,BAKER,0.00,,Y,A,-,N,,,,,,,,,,N,3,0,1,2,A,-,09,21801,A,F,A,G,A,-,H,-,A,D,0,,Y,,,Y,,A,01,0,1,0,0,0,0,1,0,0,"- ","- ",37.847660064697266,-122.27954864501953,ALAMEDA,BERKELEY,-122.27957153320312,37.847663879394531
9615126,2023,2023-08-30,0103,2023-07-25,1443,84,24,2,5,6,0103,0,0,0,,0,004,HEARST,"MARTIN LUTHER KING JR",0.00,,Y,A,-,N,,,,,,,,,,N,3,0,1,2,A,-,03,22350,,F,C,G,A,A,H,-,-,A,0,,Y,,,Y,,L,04,0,1,0,0,0,0,1,0,0,"- ","- ",37.873298645019531,-122.27320098876953,ALAMEDA,BERKELEY,-122.27320098876953,37.873332977294922
9615127,2023,2023-08-30,0103,2023-07-25,1035,107,29,2,5,6,0103,0,0,0,,0,005,"MARTIN LUTHER KING JR","HASTE ST",26.00,S,N,A,-,N,,,,,,,,,,N,3,0,1,2,A,-,08,22107,,N,B,G,A,A,H,-,A,A,0,,Y,,,Y,,L,04,0,1,0,0,0,0,1,0,0,"- ","- ",37.864261627197266,-122.27220916748047,ALAMEDA,BERKELEY,-122.27220153808594,37.864200592041016
9615128,2023,2023-08-30,0103,2023-07-17,1048,85,15,1,5,6,0103,0,0,0,,0,005,MILVIA,BANCROFT,0.00,,Y,A,-,N,,,,,,,,,,N,3,0,1,2,A,-,08,22107,,F,D,G,A,A,H,-,A,D,0,,Y,,,Y,Y,A,01,0,1,0,0,0,0,1,0,0,"- ","- ",37.867580413818359,-122.27187347412109,ALAMEDA,BERKELEY,-122.27027130126953,37.86724853515625
9615130,2023,2023-08-30,0103,2023-07-29,1418,,,6,5,6,0103,0,0,0,,0,001,SHASTA,"PARK GATE",0.00,,Y,A,-,N,,,,,,,,,,N,4,0,1,2,A,-,11,21954,A,F,C,B,E,-,H,-,A,D,0,Y,,,,Y,,N,60,0,0,1,0,1,0,0,0,0,"- ","- ",37.892879486083984,-122.25782775878906,ALAMEDA,BERKELEY,-122.25190734863281,37.890964508056641
9615131,2023,2023-08-30,0103,2023-07-28,1654,69,,5,5,6,0103,0,0,0,,0,003,STANNAGE,GILMAN,0.00,,Y,A,-,N,,,,,,,,,,N,3,0,1,2,A,-,10,21950,A,N,G,B,B,A,H,-,A,D,0,Y,,,,Y,,A,01,0,1,0,0,1,0,0,0,0,"- ","- ",37.880828857421875,-122.29405212402344,ALAMEDA,BERKELEY,-122.29403686523438,37.880847930908203
9615153,2023,2023-08-30,0103,2023-07-14,"955 ",28,,5,5,6,0103,0,0,0,,0,001,"SAN LUIS",AVIS,0.00,,Y,A,-,N,,,,,,,,,,N,3,0,1,2,A,-,21,22106,,N,G,B,D,A,H,-,A,A,0,Y,,,,Y,,A,01,0,1,0,0,1,0,0,0,0,"- ","- ",37.900630950927734,-122.27601623535156,ALAMEDA,BERKELEY,-122.27629089355469,37.900539398193359
9615155,2023,2023-10-06,0103,2023-07-12,1820,75,,3,5,6,0103,0,0,0,,0,009,ALCATRAZ,ELLIS,0.00,,Y,A,-,N,,,,,,,,,,N,3,0,1,2,A,-,10,21950,A,N,G,B,B,A,H,-,A,D,0,Y,,,,Y,,A,01,0,1,0,0,1,0,0,0,0,"- ","- ",,,ALAMEDA,BERKELEY,-122.27262115478516,37.848583221435547
9615158,2023,2023-08-30,0103,2023-07-15,1707,15,,6,5,6,0103,0,0,0,,0,011,DWIGHT,9TH,0.00,,Y,A,-,N,,,,,,,,,,N,3,0,1,2,A,-,12,22450,A,N,D,G,A,A,H,-,A,A,0,,Y,,,Y,,L,04,0,1,0,0,0,0,1,0,0,"- ","- ",37.860538482666016,-122.29141998291016,ALAMEDA,BERKELEY,-122.29183197021484,37.860649108886719
9615183,2023,2023-08-30,0103,2023-07-16,2112,23,31,7,5,6,0103,0,0,0,,0,005,BANCROFT,BONAR,0.00,,Y,A,-,N,,,,,,,,,,N,2,0,1,2,A,-,12,22450,A,N,D,G,A,A,H,-,C,A,0,,Y,,,Y,Y,L,04,1,0,0,0,0,0,1,0,0,"- ","- ",37.865161895751953,-122.28656005859375,ALAMEDA,BERKELEY,-122.28656768798828,37.865161895751953
9616720,2023,2023-10-11,0102,2023-09-24,1556,AW0629,7,7,5,3,0102,0,0,0,,0,002,"EASTSHORE HWY","UTILITY POLE #110234733",11.00,E,N,A,-,N,,,,,,,,,,N,3,0,1,2,A,-,11,21950,B,N,D,B,C,A,H,-,A,D,0,Y,,,,Y,,N,60,0,1,0,0,1,0,0,0,0,"- ","- ",,,ALAMEDA,ALBANY,,